hub,chr,genes
min2Mb_chr1_All_topCP3_gapBin50_hub1,chr1,DDAH1
min2Mb_chr1_All_topCP3_gapBin50_hub1,chr1,KIAA1324
min2Mb_chr1_All_topCP3_gapBin50_hub1,chr1,SCARNA2
min2Mb_chr1_All_topCP3_gapBin50_hub1,chr1,C1orf194
min2Mb_chr1_All_topCP3_gapBin50_hub1,chr1,SORT1
min2Mb_chr1_All_topCP3_gapBin50_hub1,chr1,RBM15
min2Mb_chr1_All_topCP3_gapBin50_hub1,chr1,RP5-1074L1.1
min2Mb_chr1_All_topCP3_gapBin50_hub1,chr1,SLC16A4
min2Mb_chr1_All_topCP3_gapBin50_hub1,chr1,CYMP
min2Mb_chr1_All_topCP3_gapBin50_hub1,chr1,LOC440602
min2Mb_chr1_All_topCP3_gapBin50_hub1,chr1,CHI3L2
min2Mb_chr1_All_topCP3_gapBin50_hub1,chr1,ADORA3
min2Mb_chr1_All_topCP3_gapBin50_hub1,chr1,ATP5F1
min2Mb_chr1_All_topCP3_gapBin50_hub1,chr1,C1orf162
min2Mb_chr1_All_topCP3_gapBin50_hub1,chr1,KCND3
min2Mb_chr1_All_topCP3_gapBin50_hub1,chr1,SYT6
min2Mb_chr1_All_topCP3_gapBin50_hub1,chr1,VANGL1
min2Mb_chr1_All_topCP3_gapBin50_hub1,chr1,CASQ2
min2Mb_chr1_All_topCP3_gapBin50_hub1,chr1,SLC22A15
min2Mb_chr1_All_topCP3_gapBin50_hub1,chr1,ATP1A1
min2Mb_chr1_All_topCP3_gapBin50_hub1,chr1,ATP1A1OS
min2Mb_chr1_All_topCP3_gapBin50_hub1,chr1,CD58
min2Mb_chr1_All_topCP3_gapBin50_hub1,chr1,C1orf137
min2Mb_chr1_All_topCP3_gapBin50_hub1,chr1,VTCN1
min2Mb_chr1_All_topCP3_gapBin50_hub1,chr1,FAM46C
min2Mb_chr1_All_topCP3_gapBin50_hub1,chr1,WDR3
min2Mb_chr1_All_topCP3_gapBin50_hub1,chr1,GDAP2
min2Mb_chr1_All_topCP3_gapBin50_hub1,chr1,SPAG17
min2Mb_chr1_All_topCP3_gapBin50_hub1,chr1,TBX15
min2Mb_chr1_All_topCP3_gapBin50_hub1,chr1,WARS2
min2Mb_chr1_All_topCP3_gapBin50_hub1,chr1,HAO2
min2Mb_chr1_All_topCP3_gapBin50_hub1,chr1,HAO2-IT1
min2Mb_chr1_All_topCP3_gapBin50_hub1,chr1,HSD3B2
min2Mb_chr1_All_topCP3_gapBin50_hub1,chr1,HSD3B1
min2Mb_chr1_All_topCP3_gapBin50_hub1,chr1,HSD3BP4
min2Mb_chr1_All_topCP3_gapBin50_hub1,chr1,LINC00622
min2Mb_chr1_All_topCP3_gapBin50_hub1,chr1,ZNF697
min2Mb_chr1_All_topCP3_gapBin50_hub1,chr1,PHGDH
min2Mb_chr1_All_topCP3_gapBin50_hub1,chr1,HMGCS2
min2Mb_chr1_All_topCP3_gapBin50_hub1,chr1,REG4
min2Mb_chr1_All_topCP3_gapBin50_hub1,chr1,NBPF7
min2Mb_chr1_All_topCP3_gapBin50_hub1,chr1,ADAM30
min2Mb_chr1_All_topCP3_gapBin50_hub1,chr1,NOTCH2
min2Mb_chr1_All_topCP3_gapBin50_hub1,chr1,EMBP1
min2Mb_chr1_All_topCP3_gapBin50_hub1,chr1,NBPF9
min2Mb_chr1_All_topCP3_gapBin50_hub1,chr1,NBPF20
min2Mb_chr1_All_topCP3_gapBin50_hub1,chr1,PDE4DIP
min2Mb_chr1_All_topCP3_gapBin50_hub1,chr1,BCL9
min2Mb_chr1_All_topCP3_gapBin50_hub1,chr1,ACP6
min2Mb_chr1_All_topCP3_gapBin50_hub1,chr1,GJA5
min2Mb_chr1_All_topCP3_gapBin50_hub1,chr1,GJA8
min2Mb_chr1_All_topCP3_gapBin50_hub1,chr1,NBPF8
min2Mb_chr1_All_topCP3_gapBin50_hub1,chr1,MIR5087
min2Mb_chr1_All_topCP3_gapBin50_hub1,chr1,VPS45
min2Mb_chr1_All_topCP3_gapBin50_hub1,chr1,ENSA
min2Mb_chr1_All_topCP3_gapBin50_hub1,chr1,GOLPH3L
min2Mb_chr1_All_topCP3_gapBin50_hub1,chr1,ARNT
min2Mb_chr1_All_topCP3_gapBin50_hub1,chr1,CTSK
min2Mb_chr1_All_topCP3_gapBin50_hub1,chr1,ANXA9
min2Mb_chr1_All_topCP3_gapBin50_hub1,chr1,SETDB1
min2Mb_chr1_All_topCP3_gapBin50_hub1,chr1,CERS2
min2Mb_chr1_All_topCP3_gapBin50_hub1,chr1,SCNM1
min2Mb_chr1_All_topCP3_gapBin50_hub1,chr1,TNFAIP8L2-SCNM1
min2Mb_chr1_All_topCP3_gapBin50_hub1,chr1,VPS72
min2Mb_chr1_All_topCP3_gapBin50_hub1,chr1,TMOD4
min2Mb_chr1_All_topCP3_gapBin50_hub1,chr1,TNFAIP8L2
min2Mb_chr1_All_topCP3_gapBin50_hub1,chr1,LYSMD1
min2Mb_chr1_All_topCP3_gapBin50_hub1,chr1,PI4KB
min2Mb_chr1_All_topCP3_gapBin50_hub1,chr1,RFX5
min2Mb_chr1_All_topCP3_gapBin50_hub1,chr1,SNX27
min2Mb_chr1_All_topCP3_gapBin50_hub1,chr1,RIIAD1
min2Mb_chr1_All_topCP3_gapBin50_hub1,chr1,CELF3
min2Mb_chr1_All_topCP3_gapBin50_hub1,chr1,RORC
min2Mb_chr1_All_topCP3_gapBin50_hub1,chr1,C2CD4D
min2Mb_chr1_All_topCP3_gapBin50_hub1,chr1,LOC100132111
min2Mb_chr1_All_topCP3_gapBin50_hub1,chr1,THEM5
min2Mb_chr1_All_topCP3_gapBin50_hub1,chr1,THEM4
min2Mb_chr1_All_topCP3_gapBin50_hub1,chr1,NBPF18P
min2Mb_chr1_All_topCP3_gapBin50_hub1,chr1,S100A10
min2Mb_chr1_All_topCP3_gapBin50_hub1,chr1,FLG-AS1
min2Mb_chr1_All_topCP3_gapBin50_hub1,chr1,FLG
min2Mb_chr1_All_topCP3_gapBin50_hub1,chr1,SPRR1A
min2Mb_chr1_All_topCP3_gapBin50_hub1,chr1,SPRR4
min2Mb_chr1_All_topCP3_gapBin50_hub1,chr1,S100A9
min2Mb_chr1_All_topCP3_gapBin50_hub1,chr1,PGLYRP4
min2Mb_chr1_All_topCP3_gapBin50_hub1,chr1,S100A12
min2Mb_chr1_All_topCP3_gapBin50_hub1,chr1,GATAD2B
min2Mb_chr1_All_topCP3_gapBin50_hub1,chr1,DENND4B
min2Mb_chr1_All_topCP3_gapBin50_hub1,chr1,IQGAP3
min2Mb_chr1_All_topCP3_gapBin50_hub1,chr1,TTC24
min2Mb_chr1_All_topCP3_gapBin50_hub1,chr1,PRCC
min2Mb_chr1_All_topCP3_gapBin50_hub1,chr1,HDGF
min2Mb_chr1_All_topCP3_gapBin50_hub1,chr1,KCNJ10
min2Mb_chr1_All_topCP3_gapBin50_hub1,chr1,IGSF8
min2Mb_chr1_All_topCP3_gapBin50_hub1,chr1,KCNJ9
min2Mb_chr1_All_topCP3_gapBin50_hub1,chr1,CEP350
min2Mb_chr1_All_topCP3_gapBin50_hub1,chr1,NMNAT2
min2Mb_chr1_All_topCP3_gapBin50_hub1,chr1,LAMC2
min2Mb_chr1_All_topCP3_gapBin50_hub2,chr1,DDAH1
min2Mb_chr1_All_topCP3_gapBin50_hub2,chr1,STXBP3
min2Mb_chr1_All_topCP3_gapBin50_hub2,chr1,AKNAD1
min2Mb_chr1_All_topCP3_gapBin50_hub2,chr1,CYB561D1
min2Mb_chr1_All_topCP3_gapBin50_hub2,chr1,SYPL2
min2Mb_chr1_All_topCP3_gapBin50_hub2,chr1,ATXN7L2
min2Mb_chr1_All_topCP3_gapBin50_hub2,chr1,GNAI3
min2Mb_chr1_All_topCP3_gapBin50_hub2,chr1,GPR61
min2Mb_chr1_All_topCP3_gapBin50_hub2,chr1,WDR77
min2Mb_chr1_All_topCP3_gapBin50_hub2,chr1,OVGP1
min2Mb_chr1_All_topCP3_gapBin50_hub2,chr1,ATP5F1
min2Mb_chr1_All_topCP3_gapBin50_hub2,chr1,LINC01160
min2Mb_chr1_All_topCP3_gapBin50_hub2,chr1,KCND3
min2Mb_chr1_All_topCP3_gapBin50_hub2,chr1,AP4B1-AS1
min2Mb_chr1_All_topCP3_gapBin50_hub2,chr1,AP4B1
min2Mb_chr1_All_topCP3_gapBin50_hub2,chr1,HIPK1
min2Mb_chr1_All_topCP3_gapBin50_hub2,chr1,DCLRE1B
min2Mb_chr1_All_topCP3_gapBin50_hub2,chr1,DENND2C
min2Mb_chr1_All_topCP3_gapBin50_hub2,chr1,BCAS2
min2Mb_chr1_All_topCP3_gapBin50_hub2,chr1,ATP1A1OS
min2Mb_chr1_All_topCP3_gapBin50_hub2,chr1,IGSF3
min2Mb_chr1_All_topCP3_gapBin50_hub2,chr1,MIR320B1
min2Mb_chr1_All_topCP3_gapBin50_hub2,chr1,C1orf137
min2Mb_chr1_All_topCP3_gapBin50_hub2,chr1,TRIM45
min2Mb_chr1_All_topCP3_gapBin50_hub2,chr1,TTF2
min2Mb_chr1_All_topCP3_gapBin50_hub2,chr1,MAN1A2
min2Mb_chr1_All_topCP3_gapBin50_hub2,chr1,FAM46C
min2Mb_chr1_All_topCP3_gapBin50_hub2,chr1,GDAP2
min2Mb_chr1_All_topCP3_gapBin50_hub2,chr1,WDR3
min2Mb_chr1_All_topCP3_gapBin50_hub2,chr1,SPAG17
min2Mb_chr1_All_topCP3_gapBin50_hub2,chr1,TBX15
min2Mb_chr1_All_topCP3_gapBin50_hub2,chr1,WARS2
min2Mb_chr1_All_topCP3_gapBin50_hub2,chr1,HAO2
min2Mb_chr1_All_topCP3_gapBin50_hub2,chr1,HSD3B2
min2Mb_chr1_All_topCP3_gapBin50_hub2,chr1,HSD3B1
min2Mb_chr1_All_topCP3_gapBin50_hub2,chr1,HSD3BP4
min2Mb_chr1_All_topCP3_gapBin50_hub2,chr1,LINC00622
min2Mb_chr1_All_topCP3_gapBin50_hub2,chr1,ZNF697
min2Mb_chr1_All_topCP3_gapBin50_hub2,chr1,PHGDH
min2Mb_chr1_All_topCP3_gapBin50_hub2,chr1,HMGCS2
min2Mb_chr1_All_topCP3_gapBin50_hub2,chr1,REG4
min2Mb_chr1_All_topCP3_gapBin50_hub2,chr1,NBPF7
min2Mb_chr1_All_topCP3_gapBin50_hub2,chr1,ADAM30
min2Mb_chr1_All_topCP3_gapBin50_hub2,chr1,NOTCH2
min2Mb_chr1_All_topCP3_gapBin50_hub2,chr1,EMBP1
min2Mb_chr1_All_topCP3_gapBin50_hub2,chr1,NBPF9
min2Mb_chr1_All_topCP3_gapBin50_hub2,chr1,NBPF20
min2Mb_chr1_All_topCP3_gapBin50_hub2,chr1,PDE4DIP
min2Mb_chr1_All_topCP3_gapBin50_hub2,chr1,BCL9
min2Mb_chr1_All_topCP3_gapBin50_hub2,chr1,ACP6
min2Mb_chr1_All_topCP3_gapBin50_hub2,chr1,GJA5
min2Mb_chr1_All_topCP3_gapBin50_hub2,chr1,GJA8
min2Mb_chr1_All_topCP3_gapBin50_hub2,chr1,NBPF8
min2Mb_chr1_All_topCP3_gapBin50_hub2,chr1,MIR5087
min2Mb_chr1_All_topCP3_gapBin50_hub2,chr1,LINC00869
min2Mb_chr1_All_topCP3_gapBin50_hub2,chr1,HIST2H2BF
min2Mb_chr1_All_topCP3_gapBin50_hub2,chr1,FCGR1A
min2Mb_chr1_All_topCP3_gapBin50_hub2,chr1,ANP32E
min2Mb_chr1_All_topCP3_gapBin50_hub2,chr1,ENSA
min2Mb_chr1_All_topCP3_gapBin50_hub2,chr1,GOLPH3L
min2Mb_chr1_All_topCP3_gapBin50_hub2,chr1,ANXA9
min2Mb_chr1_All_topCP3_gapBin50_hub2,chr1,SETDB1
min2Mb_chr1_All_topCP3_gapBin50_hub2,chr1,CERS2
min2Mb_chr1_All_topCP3_gapBin50_hub2,chr1,PI4KB
min2Mb_chr1_All_topCP3_gapBin50_hub2,chr1,RFX5
min2Mb_chr1_All_topCP3_gapBin50_hub2,chr1,RIIAD1
min2Mb_chr1_All_topCP3_gapBin50_hub2,chr1,CELF3
min2Mb_chr1_All_topCP3_gapBin50_hub2,chr1,RORC
min2Mb_chr1_All_topCP3_gapBin50_hub2,chr1,C2CD4D
min2Mb_chr1_All_topCP3_gapBin50_hub2,chr1,LOC100132111
min2Mb_chr1_All_topCP3_gapBin50_hub2,chr1,THEM5
min2Mb_chr1_All_topCP3_gapBin50_hub2,chr1,LOR
min2Mb_chr1_All_topCP3_gapBin50_hub2,chr1,KCNJ10
min2Mb_chr1_All_topCP3_gapBin50_hub2,chr1,PIGM
min2Mb_chr1_All_topCP3_gapBin50_hub2,chr1,ATP1A2
min2Mb_chr1_All_topCP3_gapBin50_hub2,chr1,ATF6
min2Mb_chr1_All_topCP3_gapBin50_hub2,chr1,OLFML2B
min2Mb_chr1_All_topCP3_gapBin50_hub2,chr1,NOS1AP
min2Mb_chr1_All_topCP3_gapBin50_hub3,chr1,EMBP1
min2Mb_chr1_All_topCP3_gapBin50_hub3,chr1,SLC26A9
min2Mb_chr1_All_topCP3_gapBin50_hub3,chr1,C1orf186
min2Mb_chr1_All_topCP3_gapBin50_hub3,chr1,AVPR1B
min2Mb_chr1_All_topCP3_gapBin50_hub3,chr1,CTSE
min2Mb_chr1_All_topCP3_gapBin50_hub3,chr1,SRGAP2C
min2Mb_chr1_All_topCP3_gapBin50_hub3,chr1,SRGAP2B
min2Mb_chr1_All_topCP3_gapBin50_hub3,chr1,SRGAP2
min2Mb_chr1_All_topCP3_gapBin50_hub3,chr1,SRGAP2D
min2Mb_chr1_All_topCP3_gapBin50_hub3,chr1,RASSF5
min2Mb_chr1_All_topCP3_gapBin50_hub3,chr1,EIF2D
min2Mb_chr1_All_topCP3_gapBin50_hub3,chr1,MAPKAPK2
min2Mb_chr1_All_topCP3_gapBin50_hub4,chr1,MIR3675
min2Mb_chr1_All_topCP3_gapBin50_hub4,chr1,NBPF1
min2Mb_chr1_All_topCP3_gapBin50_hub4,chr1,CROCCP2
min2Mb_chr10_All_topCP3_gapBin50_hub1,chr10,ZNF33B
min2Mb_chr10_All_topCP3_gapBin50_hub1,chr10,BMS1
min2Mb_chr10_All_topCP3_gapBin50_hub1,chr10,RASGEF1A
min2Mb_chr10_All_topCP3_gapBin50_hub1,chr10,ZNF485
min2Mb_chr10_All_topCP3_gapBin50_hub1,chr10,ZNF32
min2Mb_chr10_All_topCP3_gapBin50_hub1,chr10,ZNF32-AS1
min2Mb_chr10_All_topCP3_gapBin50_hub1,chr10,ZNF32-AS3
min2Mb_chr10_All_topCP3_gapBin50_hub1,chr10,ZNF32-AS2
min2Mb_chr10_All_topCP3_gapBin50_hub1,chr10,LINC00619
min2Mb_chr10_All_topCP3_gapBin50_hub1,chr10,LINC00840
min2Mb_chr10_All_topCP3_gapBin50_hub1,chr10,LINC00841
min2Mb_chr10_All_topCP3_gapBin50_hub1,chr10,CXCL12
min2Mb_chr10_All_topCP3_gapBin50_hub1,chr10,LOC100996758
min2Mb_chr10_All_topCP3_gapBin50_hub1,chr10,NPY4R
min2Mb_chr10_All_topCP3_gapBin50_hub1,chr10,LINC00842
min2Mb_chr10_All_topCP3_gapBin50_hub1,chr10,FRMPD2
min2Mb_chr10_All_topCP3_gapBin50_hub1,chr10,FRMPD2P1
min2Mb_chr10_All_topCP3_gapBin50_hub1,chr10,MAPK8
min2Mb_chr10_All_topCP3_gapBin50_hub1,chr10,ARHGAP22
min2Mb_chr10_All_topCP3_gapBin50_hub1,chr10,WDFY4
min2Mb_chr10_All_topCP3_gapBin50_hub1,chr10,LRRC18
min2Mb_chr10_All_topCP3_gapBin50_hub1,chr10,MIR4294
min2Mb_chr10_All_topCP3_gapBin50_hub1,chr10,VSTM4
min2Mb_chr10_All_topCP3_gapBin50_hub1,chr10,C10orf128
min2Mb_chr10_All_topCP3_gapBin50_hub1,chr10,C10orf71
min2Mb_chr10_All_topCP3_gapBin50_hub1,chr10,C10orf71-AS1
min2Mb_chr10_All_topCP3_gapBin50_hub1,chr10,DRGX
min2Mb_chr10_All_topCP3_gapBin50_hub1,chr10,ERCC6
min2Mb_chr10_All_topCP3_gapBin50_hub1,chr10,ERCC6-PGBD3
min2Mb_chr10_All_topCP3_gapBin50_hub1,chr10,PGBD3
min2Mb_chr10_All_topCP3_gapBin50_hub1,chr10,CHAT
min2Mb_chr10_All_topCP3_gapBin50_hub1,chr10,SLC18A3
min2Mb_chr10_All_topCP3_gapBin50_hub1,chr10,C10orf53
min2Mb_chr10_All_topCP3_gapBin50_hub1,chr10,OGDHL
min2Mb_chr10_All_topCP3_gapBin50_hub1,chr10,PARG
min2Mb_chr10_All_topCP3_gapBin50_hub1,chr10,AGAP7
min2Mb_chr10_All_topCP3_gapBin50_hub1,chr10,MSMB
min2Mb_chr10_All_topCP3_gapBin50_hub1,chr10,TIMM23
min2Mb_chr10_All_topCP3_gapBin50_hub1,chr10,NCOA4
min2Mb_chr10_All_topCP3_gapBin50_hub1,chr10,ASAH2
min2Mb_chr10_All_topCP3_gapBin50_hub1,chr10,SGMS1
min2Mb_chr10_All_topCP3_gapBin50_hub1,chr10,A1CF
min2Mb_chr10_All_topCP3_gapBin50_hub1,chr10,PRKG1
min2Mb_chr10_All_topCP3_gapBin50_hub1,chr10,CSTF2T
min2Mb_chr10_All_topCP3_gapBin50_hub1,chr10,PCDH15
min2Mb_chr10_All_topCP3_gapBin50_hub1,chr10,CCDC6
min2Mb_chr10_All_topCP3_gapBin50_hub1,chr10,ANK3
min2Mb_chr10_All_topCP3_gapBin50_hub1,chr10,ARID5B
min2Mb_chr10_All_topCP3_gapBin50_hub1,chr10,DNAJC12
min2Mb_chr10_All_topCP3_gapBin50_hub1,chr10,COL13A1
min2Mb_chr11_All_topCP3_gapBin50_hub1,chr11,LRRC4C
min2Mb_chr11_All_topCP3_gapBin50_hub1,chr11,PTPRJ
min2Mb_chr11_All_topCP3_gapBin50_hub1,chr11,OR4B1
min2Mb_chr11_All_topCP3_gapBin50_hub1,chr11,OR4X2
min2Mb_chr11_All_topCP3_gapBin50_hub1,chr11,OR4X1
min2Mb_chr11_All_topCP3_gapBin50_hub1,chr11,OR4S1
min2Mb_chr11_All_topCP3_gapBin50_hub1,chr11,OR4C3
min2Mb_chr11_All_topCP3_gapBin50_hub1,chr11,OR4C45
min2Mb_chr11_All_topCP3_gapBin50_hub1,chr11,TRIM48
min2Mb_chr11_All_topCP3_gapBin50_hub1,chr11,OR4A16
min2Mb_chr11_All_topCP3_gapBin50_hub1,chr11,OR4A15
min2Mb_chr11_All_topCP3_gapBin50_hub1,chr11,OR5D14
min2Mb_chr11_All_topCP3_gapBin50_hub1,chr11,OR5L2
min2Mb_chr11_All_topCP3_gapBin50_hub1,chr11,OR5L1
min2Mb_chr11_All_topCP3_gapBin50_hub1,chr11,OR5D18
min2Mb_chr11_All_topCP3_gapBin50_hub1,chr11,OR5J2
min2Mb_chr11_All_topCP3_gapBin50_hub1,chr11,OR8K5
min2Mb_chr11_All_topCP3_gapBin50_hub1,chr11,OR8K3
min2Mb_chr11_All_topCP3_gapBin50_hub1,chr11,OR8K1
min2Mb_chr11_All_topCP3_gapBin50_hub1,chr11,OR5R1
min2Mb_chr11_All_topCP3_gapBin50_hub2,chr11,TTC17
min2Mb_chr11_All_topCP3_gapBin50_hub2,chr11,PTPRJ
min2Mb_chr11_All_topCP3_gapBin50_hub2,chr11,OR4B1
min2Mb_chr11_All_topCP3_gapBin50_hub2,chr11,OR4X1
min2Mb_chr11_All_topCP3_gapBin50_hub2,chr11,OR4S1
min2Mb_chr11_All_topCP3_gapBin50_hub2,chr11,OR4C3
min2Mb_chr11_All_topCP3_gapBin50_hub2,chr11,OR4C45
min2Mb_chr11_All_topCP3_gapBin50_hub2,chr11,OR4A47
min2Mb_chr11_All_topCP3_gapBin50_hub2,chr11,OR4A16
min2Mb_chr11_All_topCP3_gapBin50_hub2,chr11,OR4A15
min2Mb_chr11_All_topCP3_gapBin50_hub2,chr11,OR4P4
min2Mb_chr11_All_topCP3_gapBin50_hub2,chr11,OR4C6
min2Mb_chr11_All_topCP3_gapBin50_hub2,chr11,OR4S2
min2Mb_chr11_All_topCP3_gapBin50_hub2,chr11,OR5D13
min2Mb_chr11_All_topCP3_gapBin50_hub2,chr11,OR5D14
min2Mb_chr11_All_topCP3_gapBin50_hub2,chr11,OR5L2
min2Mb_chr11_All_topCP3_gapBin50_hub2,chr11,OR5L1
min2Mb_chr11_All_topCP3_gapBin50_hub2,chr11,OR5D18
min2Mb_chr11_All_topCP3_gapBin50_hub2,chr11,OR5D16
min2Mb_chr11_All_topCP3_gapBin50_hub2,chr11,OR8H2
min2Mb_chr11_All_topCP3_gapBin50_hub2,chr11,OR8I2
min2Mb_chr11_All_topCP3_gapBin50_hub2,chr11,OR8K3
min2Mb_chr11_All_topCP3_gapBin50_hub2,chr11,OR8K1
min2Mb_chr11_All_topCP3_gapBin50_hub2,chr11,OR5R1
min2Mb_chr11_All_topCP3_gapBin50_hub2,chr11,OR5M1
min2Mb_chr11_All_topCP3_gapBin50_hub3,chr11,LRRC4C
min2Mb_chr11_All_topCP3_gapBin50_hub3,chr11,LOC100507205
min2Mb_chr11_All_topCP3_gapBin50_hub3,chr11,OR4B1
min2Mb_chr11_All_topCP3_gapBin50_hub3,chr11,OR4X2
min2Mb_chr11_All_topCP3_gapBin50_hub3,chr11,OR4S1
min2Mb_chr11_All_topCP3_gapBin50_hub3,chr11,OR4C3
min2Mb_chr11_All_topCP3_gapBin50_hub3,chr11,OR4C45
min2Mb_chr11_All_topCP3_gapBin50_hub3,chr11,OR4A47
min2Mb_chr11_All_topCP3_gapBin50_hub3,chr11,TRIM48
min2Mb_chr11_All_topCP3_gapBin50_hub3,chr11,TRIM51HP
min2Mb_chr11_All_topCP3_gapBin50_hub3,chr11,OR4A16
min2Mb_chr11_All_topCP3_gapBin50_hub3,chr11,OR4A15
min2Mb_chr11_All_topCP3_gapBin50_hub3,chr11,OR4P4
min2Mb_chr11_All_topCP3_gapBin50_hub3,chr11,OR4C6
min2Mb_chr11_All_topCP3_gapBin50_hub3,chr11,OR4S2
min2Mb_chr11_All_topCP3_gapBin50_hub3,chr11,OR5D14
min2Mb_chr11_All_topCP3_gapBin50_hub3,chr11,OR5L2
min2Mb_chr11_All_topCP3_gapBin50_hub3,chr11,OR5L1
min2Mb_chr11_All_topCP3_gapBin50_hub3,chr11,OR5D18
min2Mb_chr11_All_topCP3_gapBin50_hub3,chr11,OR5D16
min2Mb_chr11_All_topCP3_gapBin50_hub3,chr11,OR5F1
min2Mb_chr11_All_topCP3_gapBin50_hub3,chr11,OR5AS1
min2Mb_chr11_All_topCP3_gapBin50_hub3,chr11,OR8U8
min2Mb_chr11_All_topCP3_gapBin50_hub3,chr11,OR8U1
min2Mb_chr11_All_topCP3_gapBin50_hub3,chr11,OR8J1
min2Mb_chr12_All_topCP3_gapBin50_hub1,chr12,OTOGL
min2Mb_chr12_All_topCP3_gapBin50_hub1,chr12,LIN7A
min2Mb_chr12_All_topCP3_gapBin50_hub1,chr12,ACSS3
min2Mb_chr12_All_topCP3_gapBin50_hub1,chr12,METTL25
min2Mb_chr12_All_topCP3_gapBin50_hub1,chr12,CCDC59
min2Mb_chr12_All_topCP3_gapBin50_hub1,chr12,TMTC2
min2Mb_chr12_All_topCP3_gapBin50_hub1,chr12,MKRN9P
min2Mb_chr12_All_topCP3_gapBin50_hub1,chr12,C12orf50
min2Mb_chr12_All_topCP3_gapBin50_hub1,chr12,C12orf29
min2Mb_chr12_All_topCP3_gapBin50_hub1,chr12,CEP290
min2Mb_chr12_All_topCP3_gapBin50_hub1,chr12,TMTC3
min2Mb_chr12_All_topCP3_gapBin50_hub1,chr12,KITLG
min2Mb_chr12_All_topCP3_gapBin50_hub1,chr12,POC1B
min2Mb_chr12_All_topCP3_gapBin50_hub1,chr12,POC1B-GALNT4
min2Mb_chr12_All_topCP3_gapBin50_hub1,chr12,GALNT4
min2Mb_chr12_All_topCP3_gapBin50_hub1,chr12,ATP2B1
min2Mb_chr12_All_topCP3_gapBin50_hub1,chr12,DCN
min2Mb_chr12_All_topCP3_gapBin50_hub1,chr12,ANKS1B
min2Mb_chr12_All_topCP3_gapBin50_hub1,chr12,NR1H4
min2Mb_chr13_All_topCP3_gapBin50_hub1,chr13,GPC5
min2Mb_chr13_All_topCP3_gapBin50_hub1,chr13,HS6ST3
min2Mb_chr13_All_topCP3_gapBin50_hub1,chr13,LINC00359
min2Mb_chr13_All_topCP3_gapBin50_hub1,chr13,CLYBL
min2Mb_chr13_All_topCP3_gapBin50_hub1,chr13,FGF14
min2Mb_chr13_All_topCP3_gapBin50_hub1,chr13,MIR4705
min2Mb_chr13_All_topCP3_gapBin50_hub1,chr13,DAOA-AS1
min2Mb_chr13_All_topCP3_gapBin50_hub1,chr13,DAOA
min2Mb_chr13_All_topCP3_gapBin50_hub1,chr13,FAM155A
min2Mb_chr14_All_topCP3_gapBin50_hub1,chr14,KLHDC1
min2Mb_chr14_All_topCP3_gapBin50_hub1,chr14,KLHDC2
min2Mb_chr14_All_topCP3_gapBin50_hub1,chr14,NEMF
min2Mb_chr14_All_topCP3_gapBin50_hub1,chr14,L2HGDH
min2Mb_chr14_All_topCP3_gapBin50_hub1,chr14,SOS2
min2Mb_chr14_All_topCP3_gapBin50_hub1,chr14,SAV1
min2Mb_chr14_All_topCP3_gapBin50_hub1,chr14,ATL1
min2Mb_chr14_All_topCP3_gapBin50_hub1,chr14,TRIM9
min2Mb_chr14_All_topCP3_gapBin50_hub1,chr14,SAMD4A
min2Mb_chr14_All_topCP3_gapBin50_hub1,chr14,LGALS3
min2Mb_chr14_All_topCP3_gapBin50_hub1,chr14,DLGAP5
min2Mb_chr14_All_topCP3_gapBin50_hub1,chr14,FBXO34
min2Mb_chr14_All_topCP3_gapBin50_hub1,chr14,TBPL2
min2Mb_chr14_All_topCP3_gapBin50_hub1,chr14,KTN1
min2Mb_chr14_All_topCP3_gapBin50_hub1,chr14,RPL13AP3
min2Mb_chr14_All_topCP3_gapBin50_hub1,chr14,LINC00520
min2Mb_chr14_All_topCP3_gapBin50_hub1,chr14,PELI2
min2Mb_chr14_All_topCP3_gapBin50_hub1,chr14,PSMA3
min2Mb_chr14_All_topCP3_gapBin50_hub1,chr14,FLJ31306
min2Mb_chr14_All_topCP3_gapBin50_hub1,chr14,PPM1A
min2Mb_chr14_All_topCP3_gapBin50_hub1,chr14,SLC38A6
min2Mb_chr14_All_topCP3_gapBin50_hub1,chr14,TRMT5
min2Mb_chr14_All_topCP3_gapBin50_hub1,chr14,PRKCH
min2Mb_chr14_All_topCP3_gapBin50_hub1,chr14,SNAPC1
min2Mb_chr14_All_topCP3_gapBin50_hub1,chr14,HIF1A
min2Mb_chr14_All_topCP3_gapBin50_hub1,chr14,HIF1A-AS2
min2Mb_chr16_All_topCP3_gapBin50_hub1,chr16,RBFOX1
min2Mb_chr16_All_topCP3_gapBin50_hub1,chr16,SHISA9
min2Mb_chr16_All_topCP3_gapBin50_hub1,chr16,XYLT1
min2Mb_chr16_All_topCP3_gapBin50_hub1,chr16,MIR548AA2
min2Mb_chr16_All_topCP3_gapBin50_hub1,chr16,MIR548D2
min2Mb_chr16_All_topCP3_gapBin50_hub1,chr16,PRKCB
min2Mb_chr16_All_topCP3_gapBin50_hub1,chr16,HS3ST4
min2Mb_chr16_All_topCP3_gapBin50_hub1,chr16,RP11-488I20.3
min2Mb_chr16_All_topCP3_gapBin50_hub1,chr16,LOC146481
min2Mb_chr16_All_topCP3_gapBin50_hub1,chr16,RP11-80F22.15
min2Mb_chr16_All_topCP3_gapBin50_hub1,chr16,FLJ26245
min2Mb_chr18_All_topCP3_gapBin50_hub1,chr18,DCC
min2Mb_chr18_All_topCP3_gapBin50_hub1,chr18,WDR7
min2Mb_chr18_All_topCP3_gapBin50_hub1,chr18,PIGN
min2Mb_chr18_All_topCP3_gapBin50_hub1,chr18,KIAA1468
min2Mb_chr18_All_topCP3_gapBin50_hub1,chr18,TNFRSF11A
min2Mb_chr18_All_topCP3_gapBin50_hub1,chr18,BCL2
min2Mb_chr18_All_topCP3_gapBin50_hub1,chr18,VPS4B
min2Mb_chr18_All_topCP3_gapBin50_hub1,chr18,SERPINB13
min2Mb_chr18_All_topCP3_gapBin50_hub1,chr18,SERPINB7
min2Mb_chr18_All_topCP3_gapBin50_hub1,chr18,RP11-146N18.1
min2Mb_chr18_All_topCP3_gapBin50_hub1,chr18,RP11-909B2.1
min2Mb_chr18_All_topCP3_gapBin50_hub1,chr18,CDH19
min2Mb_chr18_All_topCP3_gapBin50_hub2,chr18,DCC
min2Mb_chr18_All_topCP3_gapBin50_hub2,chr18,WDR7
min2Mb_chr18_All_topCP3_gapBin50_hub2,chr18,SERPINB12
min2Mb_chr18_All_topCP3_gapBin50_hub2,chr18,SERPINB13
min2Mb_chr18_All_topCP3_gapBin50_hub2,chr18,SERPINB11
min2Mb_chr18_All_topCP3_gapBin50_hub2,chr18,SERPINB7
min2Mb_chr18_All_topCP3_gapBin50_hub2,chr18,SERPINB2
min2Mb_chr18_All_topCP3_gapBin50_hub2,chr18,SERPINB8
min2Mb_chr18_All_topCP3_gapBin50_hub2,chr18,RP11-146N18.1
min2Mb_chr18_All_topCP3_gapBin50_hub2,chr18,RP11-510D19.1
min2Mb_chr19_All_topCP3_gapBin50_hub1,chr19,ZNF792
min2Mb_chr19_All_topCP3_gapBin50_hub1,chr19,LOC644189
min2Mb_chr19_All_topCP3_gapBin50_hub1,chr19,ZFP82
min2Mb_chr19_All_topCP3_gapBin50_hub1,chr19,ZNF566
min2Mb_chr19_All_topCP3_gapBin50_hub1,chr19,LOC728752
min2Mb_chr19_All_topCP3_gapBin50_hub1,chr19,ZNF529
min2Mb_chr19_All_topCP3_gapBin50_hub1,chr19,ZNF260
min2Mb_chr19_All_topCP3_gapBin50_hub1,chr19,ZNF461
min2Mb_chr19_All_topCP3_gapBin50_hub1,chr19,ZNF567
min2Mb_chr19_All_topCP3_gapBin50_hub1,chr19,ZNF850
min2Mb_chr19_All_topCP3_gapBin50_hub1,chr19,ZNF790
min2Mb_chr19_All_topCP3_gapBin50_hub1,chr19,ZNF790-AS1
min2Mb_chr19_All_topCP3_gapBin50_hub1,chr19,ZNF345
min2Mb_chr19_All_topCP3_gapBin50_hub1,chr19,ZNF829
min2Mb_chr19_All_topCP3_gapBin50_hub1,chr19,ZNF568
min2Mb_chr19_All_topCP3_gapBin50_hub1,chr19,ZNF420
min2Mb_chr19_All_topCP3_gapBin50_hub1,chr19,ZNF585A
min2Mb_chr19_All_topCP3_gapBin50_hub1,chr19,ZNF585B
min2Mb_chr19_All_topCP3_gapBin50_hub1,chr19,ZNF383
min2Mb_chr19_All_topCP3_gapBin50_hub1,chr19,HKR1
min2Mb_chr19_All_topCP3_gapBin50_hub1,chr19,ZNF527
min2Mb_chr19_All_topCP3_gapBin50_hub1,chr19,ZNF570
min2Mb_chr19_All_topCP3_gapBin50_hub1,chr19,ZNF569
min2Mb_chr19_All_topCP3_gapBin50_hub1,chr19,ZNF793
min2Mb_chr19_All_topCP3_gapBin50_hub1,chr19,ZNF571-AS1
min2Mb_chr19_All_topCP3_gapBin50_hub1,chr19,ZNF540
min2Mb_chr19_All_topCP3_gapBin50_hub1,chr19,ZNF571
min2Mb_chr19_All_topCP3_gapBin50_hub1,chr19,ZNF607
min2Mb_chr19_All_topCP3_gapBin50_hub1,chr19,ZNF781
min2Mb_chr19_All_topCP3_gapBin50_hub1,chr19,ZNF573
min2Mb_chr19_All_topCP3_gapBin50_hub1,chr19,SIPA1L3
min2Mb_chr19_All_topCP3_gapBin50_hub1,chr19,WDR87
min2Mb_chr19_All_topCP3_gapBin50_hub1,chr19,LEUTX
min2Mb_chr19_All_topCP3_gapBin50_hub1,chr19,ZNF221
min2Mb_chr19_All_topCP3_gapBin50_hub1,chr19,ZNF577
min2Mb_chr19_All_topCP3_gapBin50_hub1,chr19,ZNF649
min2Mb_chr19_All_topCP3_gapBin50_hub1,chr19,ZNF613
min2Mb_chr19_All_topCP3_gapBin50_hub1,chr19,ZNF350
min2Mb_chr19_All_topCP3_gapBin50_hub1,chr19,HCCAT3
min2Mb_chr19_All_topCP3_gapBin50_hub1,chr19,ZNF614
min2Mb_chr19_All_topCP3_gapBin50_hub1,chr19,ZNF615
min2Mb_chr19_All_topCP3_gapBin50_hub1,chr19,ZNF432
min2Mb_chr19_All_topCP3_gapBin50_hub1,chr19,ZNF616
min2Mb_chr19_All_topCP3_gapBin50_hub1,chr19,ZNF836
min2Mb_chr19_All_topCP3_gapBin50_hub1,chr19,ZNF528
min2Mb_chr19_All_topCP3_gapBin50_hub1,chr19,ZNF534
min2Mb_chr19_All_topCP3_gapBin50_hub1,chr19,ZNF578
min2Mb_chr19_All_topCP3_gapBin50_hub1,chr19,ZNF808
min2Mb_chr19_All_topCP3_gapBin50_hub1,chr19,ZNF665
min2Mb_chr19_All_topCP3_gapBin50_hub1,chr19,ZNF347
min2Mb_chr19_All_topCP3_gapBin50_hub1,chr19,ZNF667
min2Mb_chr19_All_topCP3_gapBin50_hub1,chr19,ZNF583
min2Mb_chr19_All_topCP3_gapBin50_hub1,chr19,ZNF667-AS1
min2Mb_chr19_All_topCP3_gapBin50_hub1,chr19,ZNF471
min2Mb_chr19_All_topCP3_gapBin50_hub1,chr19,ZNF71
min2Mb_chr19_All_topCP3_gapBin50_hub1,chr19,SMIM17
min2Mb_chr19_All_topCP3_gapBin50_hub1,chr19,ZNF17
min2Mb_chr19_All_topCP3_gapBin50_hub1,chr19,ZNF749
min2Mb_chr19_All_topCP3_gapBin50_hub1,chr19,ZNF550
min2Mb_chr19_All_topCP3_gapBin50_hub1,chr19,ZNF549
min2Mb_chr19_All_topCP3_gapBin50_hub1,chr19,ZNF551
min2Mb_chr19_All_topCP3_gapBin50_hub1,chr19,ZSCAN4
min2Mb_chr19_All_topCP3_gapBin50_hub1,chr19,ZNF606
min2Mb_chr19_All_topCP3_gapBin50_hub1,chr19,LOC100128398
min2Mb_chr19_All_topCP3_gapBin50_hub1,chr19,C19orf18
min2Mb_chr19_All_topCP3_gapBin50_hub1,chr19,ZNF274
min2Mb_chr2_All_topCP3_gapBin50_hub1,chr2,ANKRD30BL
min2Mb_chr2_All_topCP3_gapBin50_hub1,chr2,MIR663B
min2Mb_chr2_All_topCP3_gapBin50_hub1,chr2,TMEM163
min2Mb_chr2_All_topCP3_gapBin50_hub1,chr2,THSD7B
min2Mb_chr2_All_topCP3_gapBin50_hub2,chr2,CTNNA2
min2Mb_chr2_All_topCP3_gapBin50_hub2,chr2,LOC1720
min2Mb_chr2_All_topCP3_gapBin50_hub2,chr2,THNSL2
min2Mb_chr2_All_topCP3_gapBin50_hub2,chr2,FOXI3
min2Mb_chr2_All_topCP3_gapBin50_hub2,chr2,EIF2AK3
min2Mb_chr2_All_topCP3_gapBin50_hub2,chr2,AC104134.2
min2Mb_chr2_All_topCP3_gapBin50_hub2,chr2,RPIA
min2Mb_chr2_All_topCP3_gapBin50_hub2,chr2,LOC442028
min2Mb_chr2_All_topCP3_gapBin50_hub2,chr2,MAL
min2Mb_chr2_All_topCP3_gapBin50_hub2,chr2,ANKRD30BL
min2Mb_chr2_All_topCP3_gapBin50_hub2,chr2,MIR663B
min2Mb_chr2_All_topCP3_gapBin50_hub3,chr2,ANKRD20A8P
min2Mb_chr2_All_topCP3_gapBin50_hub3,chr2,LOC442028
min2Mb_chr2_All_topCP3_gapBin50_hub3,chr2,IL1R1
min2Mb_chr2_All_topCP3_gapBin50_hub3,chr2,IL1RL2
min2Mb_chr2_All_topCP3_gapBin50_hub3,chr2,LINC01102
min2Mb_chr2_All_topCP3_gapBin50_hub3,chr2,ANKRD30BL
min2Mb_chr2_All_topCP3_gapBin50_hub3,chr2,MIR663B
min2Mb_chr20_All_topCP3_gapBin50_hub1,chr20,PLCB1
min2Mb_chr20_All_topCP3_gapBin50_hub1,chr20,PLCB4
min2Mb_chr20_All_topCP3_gapBin50_hub1,chr20,PAK7
min2Mb_chr20_All_topCP3_gapBin50_hub1,chr20,RP5-1119D9.4
min2Mb_chr20_All_topCP3_gapBin50_hub1,chr20,LAMP5
min2Mb_chr20_All_topCP3_gapBin50_hub1,chr20,LOC101929371
min2Mb_chr20_All_topCP3_gapBin50_hub1,chr20,SNAP25
min2Mb_chr20_All_topCP3_gapBin50_hub1,chr20,SNAP25-AS1
min2Mb_chr20_All_topCP3_gapBin50_hub1,chr20,SPTLC3
min2Mb_chr20_All_topCP3_gapBin50_hub1,chr20,ISM1
min2Mb_chr21_All_topCP3_gapBin50_hub1,chr21,ABCC13
min2Mb_chr21_All_topCP3_gapBin50_hub1,chr21,SAMSN1
min2Mb_chr21_All_topCP3_gapBin50_hub1,chr21,CHODL
min2Mb_chr21_All_topCP3_gapBin50_hub1,chr21,LINC00320
min2Mb_chr21_All_topCP3_gapBin50_hub1,chr21,NCAM2
min2Mb_chr21_All_topCP3_gapBin50_hub1,chr21,RNU6-67P
min2Mb_chr21_All_topCP3_gapBin50_hub1,chr21,AP000475.2
min2Mb_chr21_All_topCP3_gapBin50_hub1,chr21,AP000472.2
min2Mb_chr21_All_topCP3_gapBin50_hub1,chr21,AP000469.2
min2Mb_chr21_All_topCP3_gapBin50_hub1,chr21,LOC339622
min2Mb_chr21_All_topCP3_gapBin50_hub2,chr21,SAMSN1
min2Mb_chr21_All_topCP3_gapBin50_hub2,chr21,SAMSN1-AS1
min2Mb_chr21_All_topCP3_gapBin50_hub2,chr21,NRIP1
min2Mb_chr21_All_topCP3_gapBin50_hub2,chr21,USP25
min2Mb_chr21_All_topCP3_gapBin50_hub2,chr21,LINC00478
min2Mb_chr21_All_topCP3_gapBin50_hub2,chr21,LINC00320
min2Mb_chr21_All_topCP3_gapBin50_hub2,chr21,NCAM2
min2Mb_chr21_All_topCP3_gapBin50_hub2,chr21,RNU6-67P
min2Mb_chr21_All_topCP3_gapBin50_hub2,chr21,LINC00317
min2Mb_chr21_All_topCP3_gapBin50_hub2,chr21,AP000475.2
min2Mb_chr21_All_topCP3_gapBin50_hub2,chr21,AP000472.2
min2Mb_chr21_All_topCP3_gapBin50_hub2,chr21,LINC00308
min2Mb_chr21_All_topCP3_gapBin50_hub2,chr21,D21S2088E
min2Mb_chr21_All_topCP3_gapBin50_hub2,chr21,AP000469.2
min2Mb_chr21_All_topCP3_gapBin50_hub3,chr21,LINC00478
min2Mb_chr21_All_topCP3_gapBin50_hub3,chr21,CHODL
min2Mb_chr21_All_topCP3_gapBin50_hub3,chr21,TMPRSS15
min2Mb_chr21_All_topCP3_gapBin50_hub3,chr21,AL109763.2
min2Mb_chr21_All_topCP3_gapBin50_hub3,chr21,LINC00320
min2Mb_chr21_All_topCP3_gapBin50_hub3,chr21,NCAM2
min2Mb_chr21_All_topCP3_gapBin50_hub3,chr21,RNU6-67P
min2Mb_chr21_All_topCP3_gapBin50_hub3,chr21,LINC00317
min2Mb_chr21_All_topCP3_gapBin50_hub3,chr21,AP000475.2
min2Mb_chr21_All_topCP3_gapBin50_hub3,chr21,AP000472.2
min2Mb_chr21_All_topCP3_gapBin50_hub3,chr21,LINC00308
min2Mb_chr21_All_topCP3_gapBin50_hub3,chr21,D21S2088E
min2Mb_chr21_All_topCP3_gapBin50_hub3,chr21,LINC00158
min2Mb_chr21_All_topCP3_gapBin50_hub3,chr21,MIR5009
min2Mb_chr21_All_topCP3_gapBin50_hub3,chr21,LINC00113
min2Mb_chr21_All_topCP3_gapBin50_hub3,chr21,BACH1
min2Mb_chr21_All_topCP3_gapBin50_hub3,chr21,BACH1-IT2
min2Mb_chr21_All_topCP3_gapBin50_hub3,chr21,GRIK1
min2Mb_chr21_All_topCP3_gapBin50_hub3,chr21,GRIK1-AS2
min2Mb_chr21_All_topCP3_gapBin50_hub3,chr21,KRTAP19-4
min2Mb_chr21_All_topCP3_gapBin50_hub3,chr21,KRTAP19-2
min2Mb_chr21_All_topCP3_gapBin50_hub3,chr21,KRTAP19-1
min2Mb_chr21_All_topCP3_gapBin50_hub3,chr21,KRTAP19-5
min2Mb_chr21_All_topCP3_gapBin50_hub3,chr21,KRTAP19-3
min2Mb_chr21_All_topCP3_gapBin50_hub3,chr21,KRTAP20-3
min2Mb_chr21_All_topCP3_gapBin50_hub3,chr21,KRTAP20-2
min2Mb_chr21_All_topCP3_gapBin50_hub3,chr21,KRTAP7-1
min2Mb_chr22_All_topCP3_gapBin50_hub1,chr22,ADRBK2
min2Mb_chr22_All_topCP3_gapBin50_hub1,chr22,MYO18B
min2Mb_chr22_All_topCP3_gapBin50_hub1,chr22,SEZ6L
min2Mb_chr22_All_topCP3_gapBin50_hub1,chr22,HMGXB4
min2Mb_chr22_All_topCP3_gapBin50_hub1,chr22,EFCAB6
min2Mb_chr3_All_topCP3_gapBin50_hub1,chr3,EGFEM1P
min2Mb_chr3_All_topCP3_gapBin50_hub1,chr3,SPATA16
min2Mb_chr3_All_topCP3_gapBin50_hub1,chr3,NLGN1
min2Mb_chr3_All_topCP3_gapBin50_hub1,chr3,NAALADL2
min2Mb_chr3_All_topCP3_gapBin50_hub1,chr3,PEX5L
min2Mb_chr3_All_topCP3_gapBin50_hub1,chr3,LINC01206
min2Mb_chr3_All_topCP3_gapBin50_hub1,chr3,VPS8
min2Mb_chr3_All_topCP3_gapBin50_hub1,chr3,FGF12
min2Mb_chr3_All_topCP3_gapBin50_hub2,chr3,LOC339862
min2Mb_chr3_All_topCP3_gapBin50_hub2,chr3,SGOL1
min2Mb_chr3_All_topCP3_gapBin50_hub2,chr3,SGOL1-AS1
min2Mb_chr3_All_topCP3_gapBin50_hub2,chr3,ZNF385D
min2Mb_chr3_All_topCP3_gapBin50_hub2,chr3,VENTXP7
min2Mb_chr3_All_topCP3_gapBin50_hub2,chr3,THRB
min2Mb_chr3_All_topCP3_gapBin50_hub2,chr3,LRRC3B
min2Mb_chr3_All_topCP3_gapBin50_hub2,chr3,CMC1
min2Mb_chr3_All_topCP3_gapBin50_hub3,chr3,AC090044.1
min2Mb_chr3_All_topCP3_gapBin50_hub3,chr3,LOC339862
min2Mb_chr3_All_topCP3_gapBin50_hub3,chr3,MIR548AC
min2Mb_chr3_All_topCP3_gapBin50_hub3,chr3,UBE2E2
min2Mb_chr3_All_topCP3_gapBin50_hub3,chr3,STAC
min2Mb_chr3_All_topCP3_gapBin50_hub3,chr3,DCLK3
min2Mb_chr3_All_topCP3_gapBin50_hub3,chr3,TRANK1
min2Mb_chr3_All_topCP3_gapBin50_hub3,chr3,SCN5A
min2Mb_chr4_All_topCP3_gapBin50_hub1,chr4,ZNF718
min2Mb_chr4_All_topCP3_gapBin50_hub1,chr4,ZNF595
min2Mb_chr4_All_topCP3_gapBin50_hub1,chr4,STX18
min2Mb_chr4_All_topCP3_gapBin50_hub1,chr4,STX18-AS1
min2Mb_chr4_All_topCP3_gapBin50_hub1,chr4,DUX2
min2Mb_chr4_All_topCP3_gapBin50_hub1,chr4,DUX4
min2Mb_chr4_All_topCP3_gapBin50_hub1,chr4,DUX4L5
min2Mb_chr4_All_topCP3_gapBin50_hub1,chr4,DUX4L6
min2Mb_chr4_All_topCP3_gapBin50_hub1,chr4,DUX4L2
min2Mb_chr4_All_topCP3_gapBin50_hub1,chr4,DUX4L4
min2Mb_chr4_All_topCP3_gapBin50_hub1,chr4,DUX4L3
min2Mb_chr4_All_topCP3_gapBin50_hub2,chr4,BEND4
min2Mb_chr4_All_topCP3_gapBin50_hub2,chr4,ATP8A1
min2Mb_chr4_All_topCP3_gapBin50_hub2,chr4,GRXCR1
min2Mb_chr4_All_topCP3_gapBin50_hub2,chr4,KCTD8
min2Mb_chr4_All_topCP3_gapBin50_hub2,chr4,GABRA2
min2Mb_chr4_All_topCP3_gapBin50_hub3,chr4,IL21-AS1
min2Mb_chr4_All_topCP3_gapBin50_hub3,chr4,IL21
min2Mb_chr4_All_topCP3_gapBin50_hub3,chr4,PCDH10
min2Mb_chr4_All_topCP3_gapBin50_hub3,chr4,LINC00613
min2Mb_chr5_All_topCP3_gapBin50_hub1,chr5,CDH9
min2Mb_chr5_All_topCP3_gapBin50_hub1,chr5,SPEF2
min2Mb_chr5_All_topCP3_gapBin50_hub1,chr5,NNT-AS1
min2Mb_chr5_All_topCP3_gapBin50_hub1,chr5,NNT
min2Mb_chr5_All_topCP3_gapBin50_hub1,chr5,EMB
min2Mb_chr5_All_topCP3_gapBin50_hub2,chr5,LSP1P3
min2Mb_chr5_All_topCP3_gapBin50_hub2,chr5,CTD-2127H9.1
min2Mb_chr5_All_topCP3_gapBin50_hub2,chr5,PLCXD3
min2Mb_chr5_All_topCP3_gapBin50_hub2,chr5,OXCT1
min2Mb_chr5_All_topCP3_gapBin50_hub2,chr5,GHR
min2Mb_chr5_All_topCP3_gapBin50_hub3,chr5,CDH10
min2Mb_chr5_All_topCP3_gapBin50_hub3,chr5,CDH6
min2Mb_chr6_All_topCP3_gapBin50_hub1,chr6,ZNF391
min2Mb_chr6_All_topCP3_gapBin50_hub1,chr6,TFAP2D
min2Mb_chr6_All_topCP3_gapBin50_hub1,chr6,MIR133B
min2Mb_chr6_All_topCP3_gapBin50_hub1,chr6,MIR206
min2Mb_chr6_All_topCP3_gapBin50_hub1,chr6,IL17F
min2Mb_chr6_All_topCP3_gapBin50_hub1,chr6,MCM3
min2Mb_chr6_All_topCP3_gapBin50_hub1,chr6,ELOVL5
min2Mb_chr6_All_topCP3_gapBin50_hub1,chr6,MIR5685
min2Mb_chr6_All_topCP3_gapBin50_hub1,chr6,FAM83B
min2Mb_chr6_All_topCP3_gapBin50_hub1,chr6,PRIM2
min2Mb_chr6_All_topCP3_gapBin50_hub1,chr6,MTRNR2L9
min2Mb_chr6_All_topCP3_gapBin50_hub1,chr6,KHDRBS2
min2Mb_chr6_All_topCP3_gapBin50_hub1,chr6,PTP4A1
min2Mb_chr6_All_topCP3_gapBin50_hub1,chr6,EYS
min2Mb_chr6_All_topCP3_gapBin50_hub2,chr6,DEFB113
min2Mb_chr6_All_topCP3_gapBin50_hub2,chr6,DEFB114
min2Mb_chr6_All_topCP3_gapBin50_hub2,chr6,TFAP2D
min2Mb_chr6_All_topCP3_gapBin50_hub2,chr6,PKHD1
min2Mb_chr6_All_topCP3_gapBin50_hub2,chr6,IL17A
min2Mb_chr6_All_topCP3_gapBin50_hub2,chr6,LRRC1
min2Mb_chr6_All_topCP3_gapBin50_hub2,chr6,MLIP
min2Mb_chr6_All_topCP3_gapBin50_hub2,chr6,PRIM2
min2Mb_chr6_All_topCP3_gapBin50_hub2,chr6,MTRNR2L9
min2Mb_chr6_All_topCP3_gapBin50_hub2,chr6,KHDRBS2
min2Mb_chr6_All_topCP3_gapBin50_hub2,chr6,EYS
min2Mb_chr6_All_topCP3_gapBin50_hub2,chr6,BAI3
min2Mb_chr7_All_topCP3_gapBin50_hub1,chr7,FLJ45974
min2Mb_chr7_All_topCP3_gapBin50_hub1,chr7,HPVC1
min2Mb_chr7_All_topCP3_gapBin50_hub1,chr7,GS1-18A18.1
min2Mb_chr7_All_topCP3_gapBin50_hub1,chr7,VSTM2A
min2Mb_chr7_All_topCP3_gapBin50_hub1,chr7,SEC61G
min2Mb_chr7_All_topCP3_gapBin50_hub1,chr7,RP11-745C15.2
min2Mb_chr7_All_topCP3_gapBin50_hub1,chr7,EGFR
min2Mb_chr7_All_topCP3_gapBin50_hub1,chr7,EGFR-AS1
min2Mb_chr7_All_topCP3_gapBin50_hub1,chr7,VOPP1
min2Mb_chr7_All_topCP3_gapBin50_hub1,chr7,SEPT14
min2Mb_chr7_All_topCP3_gapBin50_hub1,chr7,ZNF713
min2Mb_chr7_All_topCP3_gapBin50_hub1,chr7,LOC650226
min2Mb_chr7_All_topCP3_gapBin50_hub1,chr7,LOC100240728
min2Mb_chr7_All_topCP3_gapBin50_hub1,chr7,LOC101928401
min2Mb_chr7_All_topCP3_gapBin50_hub1,chr7,GUSBP10
min2Mb_chr7_All_topCP3_gapBin50_hub1,chr7,MIR3147
min2Mb_chr7_All_topCP3_gapBin50_hub1,chr7,ZNF716
min2Mb_chr7_All_topCP3_gapBin50_hub1,chr7,ZNF680
min2Mb_chr7_All_topCP3_gapBin50_hub1,chr7,ZNF117
min2Mb_chr7_All_topCP3_gapBin50_hub2,chr7,CDC14C
min2Mb_chr7_All_topCP3_gapBin50_hub2,chr7,IKZF1
min2Mb_chr7_All_topCP3_gapBin50_hub2,chr7,HPVC1
min2Mb_chr7_All_topCP3_gapBin50_hub2,chr7,GS1-18A18.1
min2Mb_chr7_All_topCP3_gapBin50_hub2,chr7,VSTM2A
min2Mb_chr7_All_topCP3_gapBin50_hub2,chr7,EGFR
min2Mb_chr7_All_topCP3_gapBin50_hub2,chr7,LOC650226
min2Mb_chr7_All_topCP3_gapBin50_hub2,chr7,DKFZp434L192
min2Mb_chr7_All_topCP3_gapBin50_hub2,chr7,LOC101928401
min2Mb_chr7_All_topCP3_gapBin50_hub2,chr7,GUSBP10
min2Mb_chr7_All_topCP3_gapBin50_hub2,chr7,ZNF479
min2Mb_chr7_All_topCP3_gapBin50_hub2,chr7,MIR3147
min2Mb_chr7_All_topCP3_gapBin50_hub2,chr7,ZNF716
min2Mb_chr7_All_topCP3_gapBin50_hub2,chr7,ZNF736
min2Mb_chr8_All_topCP3_gapBin50_hub1,chr8,CSMD1
min2Mb_chr8_All_topCP3_gapBin50_hub1,chr8,MCPH1
min2Mb_chr8_All_topCP3_gapBin50_hub1,chr8,MIR8055
min2Mb_chr8_All_topCP3_gapBin50_hub1,chr8,AGPAT5
min2Mb_chr8_All_topCP3_gapBin50_hub1,chr8,MIR4659A
min2Mb_chr8_All_topCP3_gapBin50_hub1,chr8,MIR4659B
min2Mb_chr8_All_topCP3_gapBin50_hub1,chr8,XKR5
min2Mb_chr8_All_topCP3_gapBin50_hub1,chr8,DEFA5
min2Mb_chr8_All_topCP3_gapBin50_hub1,chr8,DEFA11P
min2Mb_chr8_All_topCP3_gapBin50_hub1,chr8,TNKS
min2Mb_chr8_All_topCP3_gapBin50_hub1,chr8,DLC1
min2Mb_chr8_All_topCP3_gapBin50_hub1,chr8,NRG1
min2Mb_chr8_All_topCP3_gapBin50_hub1,chr8,UNC5D
min2Mb_chr9_All_topCP3_gapBin50_hub1,chr9,SH3GL2
min2Mb_chr9_All_topCP3_gapBin50_hub1,chr9,MIR31HG
min2Mb_chr9_All_topCP3_gapBin50_hub1,chr9,ELAVL2
min2Mb_chr9_All_topCP3_gapBin50_hub1,chr9,CAAP1
min2Mb_chr9_All_topCP3_gapBin50_hub1,chr9,PLAA
min2Mb_chr9_All_topCP3_gapBin50_hub1,chr9,IFT74
min2Mb_chr9_All_topCP3_gapBin50_hub1,chr9,LINC00032
min2Mb_chr9_All_topCP3_gapBin50_hub1,chr9,EQTN
min2Mb_chr9_All_topCP3_gapBin50_hub1,chr9,MOB3B
min2Mb_chr9_All_topCP3_gapBin50_hub1,chr9,LINGO2
min2Mb_chr9_All_topCP3_gapBin50_hub1,chr9,FRMPD1
min2Mb_chr9_All_topCP3_gapBin50_hub1,chr9,SHB
min2Mb_chr9_All_topCP3_gapBin50_hub1,chr9,ALDH1B1
min2Mb_chr9_All_topCP3_gapBin50_hub1,chr9,FAM95C
min2Mb_chr9_All_topCP3_gapBin50_hub1,chr9,ANKRD18A
min2Mb_chr9_All_topCP3_gapBin50_hub1,chr9,FAM201A
min2Mb_chr9_All_topCP3_gapBin50_hub1,chr9,LOC642236
min2Mb_chr9_All_topCP3_gapBin50_hub1,chr9,PGM5
min2Mb_chr9_All_topCP3_gapBin50_hub1,chr9,TMEM252
min2Mb_chr9_All_topCP3_gapBin50_hub1,chr9,RP11-274B18.2
min2Mb_chr9_All_topCP3_gapBin50_hub1,chr9,PIP5K1B
min2Mb_chr9_All_topCP3_gapBin50_hub1,chr9,FAM122A
min2Mb_chr9_All_topCP3_gapBin50_hub1,chr9,PRKACG
min2Mb_chr9_All_topCP3_gapBin50_hub1,chr9,TJP2
min2Mb_chr9_All_topCP3_gapBin50_hub1,chr9,BANCR
min2Mb_chr9_All_topCP3_gapBin50_hub1,chr9,FAM189A2
min2Mb_chr9_All_topCP3_gapBin50_hub1,chr9,APBA1
min2Mb_chr9_All_topCP3_gapBin50_hub1,chr9,PTAR1
min2Mb_chr9_All_topCP3_gapBin50_hub1,chr9,C9orf135
min2Mb_chr9_All_topCP3_gapBin50_hub1,chr9,C9orf135-AS1
min2Mb_chr9_All_topCP3_gapBin50_hub1,chr9,MAMDC2
min2Mb_chr9_All_topCP3_gapBin50_hub1,chr9,MAMDC2-AS1
min2Mb_chr9_All_topCP3_gapBin50_hub1,chr9,TRPM3
