"","seqnames","start","end","width","strand","axis","ct","red.start","red.end","red.width"
"484","chr16",884,1161,278,"*","x","TLC",884,1161,278
"494","chr16",884,1161,278,"*","y","TLC",884,1161,278
"463","chr16",884,1161,278,"*","x","Sp",884,1161,278
"474","chr16",884,1161,278,"*","y","Sp",884,1161,278
"439","chr16",884,1161,278,"*","x","SB",884,1161,278
"452","chr16",884,1161,278,"*","y","SB",884,1161,278
"416","chr16",884,1161,278,"*","x","RV",884,1161,278
"426","chr16",884,1161,278,"*","y","RV",884,1161,278
"393","chr16",884,1161,278,"*","x","PM",884,1161,278
"406","chr16",884,1161,278,"*","y","PM",884,1161,278
"367","chr16",884,1161,278,"*","x","Pa",884,1161,278
"380","chr16",884,1161,278,"*","y","Pa",884,1161,278
"338","chr16",884,1161,278,"*","x","Ov",884,1161,278
"354","chr16",884,1161,278,"*","y","Ov",884,1161,278
"312","chr16",884,1161,278,"*","x","NPC",884,1161,278
"322","chr16",884,1161,278,"*","y","NPC",884,1161,278
"292","chr16",884,1161,278,"*","x","MSC",884,1161,278
"302","chr16",884,1161,278,"*","y","MSC",884,1161,278
"271","chr16",884,1161,278,"*","x","MesC",884,1161,278
"282","chr16",884,1161,278,"*","y","MesC",884,1161,278
"250","chr16",884,1161,278,"*","x","LV",884,1161,278
"260","chr16",884,1161,278,"*","y","LV",884,1161,278
"222","chr16",884,1161,278,"*","x","Lu",884,1161,278
"239","chr16",884,1161,278,"*","y","Lu",884,1161,278
"197","chr16",884,1161,278,"*","x","Li",884,1161,278
"206","chr16",884,1161,278,"*","y","Li",884,1161,278
"176","chr16",884,1161,278,"*","x","LC",884,1161,278
"188","chr16",884,1161,278,"*","y","LC",884,1161,278
"153","chr16",884,1161,278,"*","x","Hi",884,1161,278
"164","chr16",884,1161,278,"*","y","Hi",884,1161,278
"131","chr16",884,1161,278,"*","x","FC",884,1161,278
"142","chr16",884,1161,278,"*","y","FC",884,1161,278
"108","chr16",884,1161,278,"*","x","ESC",884,1161,278
"120","chr16",884,1161,278,"*","y","ESC",884,1161,278
"82","chr16",884,1161,278,"*","x","Co",884,1161,278
"96","chr16",884,1161,278,"*","y","Co",884,1161,278
"56","chr16",884,1161,278,"*","x","Bl",884,1161,278
"68","chr16",884,1161,278,"*","y","Bl",884,1161,278
"33","chr16",884,1161,278,"*","x","Ao",884,1161,278
"44","chr16",884,1161,278,"*","y","Ao",884,1161,278
"10","chr16",884,1161,278,"*","x","AG",884,1161,278
"22","chr16",884,1161,278,"*","y","AG",884,1161,278
"220","chr16",828,832,5,"*","x","Lu",828,832,5
"237","chr16",828,832,5,"*","y","Lu",828,832,5
"437","chr16",828,831,4,"*","x","SB",828,832,5
"450","chr16",828,831,4,"*","y","SB",828,832,5
"391","chr16",829,832,4,"*","x","PM",828,832,5
"404","chr16",829,832,4,"*","y","PM",828,832,5
"310","chr16",829,832,4,"*","x","NPC",828,832,5
"320","chr16",829,832,4,"*","y","NPC",828,832,5
"106","chr16",829,832,4,"*","x","ESC",828,832,5
"118","chr16",829,832,4,"*","y","ESC",828,832,5
"482","chr16",830,832,3,"*","x","TLC",828,832,5
"483","chr16",852,854,3,"*","x","TLC",852,854,3
"492","chr16",830,832,3,"*","y","TLC",828,832,5
"493","chr16",852,854,3,"*","y","TLC",852,854,3
"461","chr16",829,831,3,"*","x","Sp",828,832,5
"462","chr16",852,854,3,"*","x","Sp",852,854,3
"472","chr16",829,831,3,"*","y","Sp",828,832,5
"473","chr16",852,854,3,"*","y","Sp",852,854,3
"438","chr16",852,854,3,"*","x","SB",852,854,3
"451","chr16",852,854,3,"*","y","SB",852,854,3
"415","chr16",852,854,3,"*","x","RV",852,854,3
"425","chr16",852,854,3,"*","y","RV",852,854,3
"392","chr16",852,854,3,"*","x","PM",852,854,3
"405","chr16",852,854,3,"*","y","PM",852,854,3
"365","chr16",829,831,3,"*","x","Pa",828,832,5
"366","chr16",852,854,3,"*","x","Pa",852,854,3
"378","chr16",829,831,3,"*","y","Pa",828,832,5
"379","chr16",852,854,3,"*","y","Pa",852,854,3
"336","chr16",829,831,3,"*","x","Ov",828,832,5
"337","chr16",852,854,3,"*","x","Ov",852,854,3
"352","chr16",829,831,3,"*","y","Ov",828,832,5
"353","chr16",852,854,3,"*","y","Ov",852,854,3
"311","chr16",852,854,3,"*","x","NPC",852,854,3
"321","chr16",852,854,3,"*","y","NPC",852,854,3
"291","chr16",852,854,3,"*","x","MSC",852,854,3
"301","chr16",852,854,3,"*","y","MSC",852,854,3
"270","chr16",852,854,3,"*","x","MesC",852,854,3
"281","chr16",852,854,3,"*","y","MesC",852,854,3
"248","chr16",829,831,3,"*","x","LV",828,832,5
"249","chr16",852,854,3,"*","x","LV",852,854,3
"258","chr16",829,831,3,"*","y","LV",828,832,5
"259","chr16",852,854,3,"*","y","LV",852,854,3
"213","chr16",461,463,3,"*","x","Lu",461,463,3
"221","chr16",852,854,3,"*","x","Lu",852,854,3
"230","chr16",461,463,3,"*","y","Lu",461,463,3
"238","chr16",852,854,3,"*","y","Lu",852,854,3
"196","chr16",852,854,3,"*","x","Li",852,854,3
"205","chr16",852,854,3,"*","y","Li",852,854,3
"175","chr16",852,854,3,"*","x","LC",852,854,3
"187","chr16",852,854,3,"*","y","LC",852,854,3
"151","chr16",829,831,3,"*","x","Hi",828,832,5
"152","chr16",852,854,3,"*","x","Hi",852,854,3
"162","chr16",829,831,3,"*","y","Hi",828,832,5
"163","chr16",852,854,3,"*","y","Hi",852,854,3
"130","chr16",852,854,3,"*","x","FC",852,854,3
"141","chr16",852,854,3,"*","y","FC",852,854,3
"107","chr16",852,854,3,"*","x","ESC",852,854,3
"119","chr16",852,854,3,"*","y","ESC",852,854,3
"81","chr16",852,854,3,"*","x","Co",852,854,3
"95","chr16",852,854,3,"*","y","Co",852,854,3
"55","chr16",852,854,3,"*","x","Bl",852,854,3
"67","chr16",852,854,3,"*","y","Bl",852,854,3
"31","chr16",829,831,3,"*","x","Ao",828,832,5
"32","chr16",852,854,3,"*","x","Ao",852,854,3
"42","chr16",829,831,3,"*","y","Ao",828,832,5
"43","chr16",852,854,3,"*","y","Ao",852,854,3
"8","chr16",829,831,3,"*","x","AG",828,832,5
"9","chr16",852,854,3,"*","x","AG",852,854,3
"20","chr16",829,831,3,"*","y","AG",828,832,5
"21","chr16",852,854,3,"*","y","AG",852,854,3
"479","chr16",411,412,2,"*","x","TLC",411,412,2
"480","chr16",462,463,2,"*","x","TLC",461,463,3
"489","chr16",411,412,2,"*","y","TLC",411,412,2
"490","chr16",462,463,2,"*","y","TLC",461,463,3
"458","chr16",462,463,2,"*","x","Sp",461,463,3
"469","chr16",462,463,2,"*","y","Sp",461,463,3
"432","chr16",411,412,2,"*","x","SB",411,412,2
"433","chr16",462,463,2,"*","x","SB",461,463,3
"436","chr16",818,819,2,"*","x","SB",818,819,2
"445","chr16",411,412,2,"*","y","SB",411,412,2
"446","chr16",462,463,2,"*","y","SB",461,463,3
"449","chr16",818,819,2,"*","y","SB",818,819,2
"412","chr16",462,463,2,"*","x","RV",461,463,3
"422","chr16",462,463,2,"*","y","RV",461,463,3
"386","chr16",462,463,2,"*","x","PM",461,463,3
"399","chr16",462,463,2,"*","y","PM",461,463,3
"360","chr16",411,412,2,"*","x","Pa",411,412,2
"361","chr16",462,463,2,"*","x","Pa",461,463,3
"373","chr16",411,412,2,"*","y","Pa",411,412,2
"374","chr16",462,463,2,"*","y","Pa",461,463,3
"328","chr16",411,412,2,"*","x","Ov",411,412,2
"329","chr16",462,463,2,"*","x","Ov",461,463,3
"344","chr16",411,412,2,"*","y","Ov",411,412,2
"345","chr16",462,463,2,"*","y","Ov",461,463,3
"307","chr16",411,412,2,"*","x","NPC",411,412,2
"317","chr16",411,412,2,"*","y","NPC",411,412,2
"287","chr16",411,412,2,"*","x","MSC",411,412,2
"297","chr16",411,412,2,"*","y","MSC",411,412,2
"269","chr16",831,832,2,"*","x","MesC",828,832,5
"280","chr16",831,832,2,"*","y","MesC",828,832,5
"246","chr16",462,463,2,"*","x","LV",461,463,3
"256","chr16",462,463,2,"*","y","LV",461,463,3
"211","chr16",411,412,2,"*","x","Lu",411,412,2
"228","chr16",411,412,2,"*","y","Lu",411,412,2
"194","chr16",462,463,2,"*","x","Li",461,463,3
"203","chr16",462,463,2,"*","y","Li",461,463,3
"170","chr16",411,412,2,"*","x","LC",411,412,2
"171","chr16",462,463,2,"*","x","LC",461,463,3
"182","chr16",411,412,2,"*","y","LC",411,412,2
"183","chr16",462,463,2,"*","y","LC",461,463,3
"148","chr16",411,412,2,"*","x","Hi",411,412,2
"149","chr16",462,463,2,"*","x","Hi",461,463,3
"155","chr16",2258,2259,2,"*","x","Hi",2258,2259,2
"159","chr16",411,412,2,"*","y","Hi",411,412,2
"160","chr16",462,463,2,"*","y","Hi",461,463,3
"166","chr16",2258,2259,2,"*","y","Hi",2258,2259,2
"126","chr16",462,463,2,"*","x","FC",461,463,3
"129","chr16",831,832,2,"*","x","FC",828,832,5
"137","chr16",462,463,2,"*","y","FC",461,463,3
"140","chr16",831,832,2,"*","y","FC",828,832,5
"103","chr16",462,463,2,"*","x","ESC",461,463,3
"115","chr16",462,463,2,"*","y","ESC",461,463,3
"75","chr16",462,463,2,"*","x","Co",461,463,3
"84","chr16",2258,2259,2,"*","x","Co",2258,2259,2
"89","chr16",462,463,2,"*","y","Co",461,463,3
"98","chr16",2258,2259,2,"*","y","Co",2258,2259,2
"50","chr16",411,412,2,"*","x","Bl",411,412,2
"51","chr16",462,463,2,"*","x","Bl",461,463,3
"52","chr16",818,819,2,"*","x","Bl",818,819,2
"62","chr16",411,412,2,"*","y","Bl",411,412,2
"63","chr16",462,463,2,"*","y","Bl",461,463,3
"64","chr16",818,819,2,"*","y","Bl",818,819,2
"28","chr16",411,412,2,"*","x","Ao",411,412,2
"29","chr16",462,463,2,"*","x","Ao",461,463,3
"39","chr16",411,412,2,"*","y","Ao",411,412,2
"40","chr16",462,463,2,"*","y","Ao",461,463,3
"5","chr16",462,463,2,"*","x","AG",461,463,3
"7","chr16",818,819,2,"*","x","AG",818,819,2
"17","chr16",462,463,2,"*","y","AG",461,463,3
"19","chr16",818,819,2,"*","y","AG",818,819,2
"477","chr16",1,1,1,"*","x","TLC",1,1,1
"478","chr16",217,217,1,"*","x","TLC",217,217,1
"481","chr16",819,819,1,"*","x","TLC",818,819,2
"485","chr16",2211,2211,1,"*","x","TLC",2211,2211,1
"486","chr16",2259,2259,1,"*","x","TLC",2258,2259,2
"487","chr16",1,1,1,"*","y","TLC",1,1,1
"488","chr16",217,217,1,"*","y","TLC",217,217,1
"491","chr16",819,819,1,"*","y","TLC",818,819,2
"495","chr16",2211,2211,1,"*","y","TLC",2211,2211,1
"496","chr16",2259,2259,1,"*","y","TLC",2258,2259,2
"455","chr16",1,1,1,"*","x","Sp",1,1,1
"456","chr16",217,217,1,"*","x","Sp",217,217,1
"457","chr16",411,411,1,"*","x","Sp",411,412,2
"459","chr16",537,537,1,"*","x","Sp",537,537,1
"460","chr16",819,819,1,"*","x","Sp",818,819,2
"464","chr16",2211,2211,1,"*","x","Sp",2211,2211,1
"465","chr16",2259,2259,1,"*","x","Sp",2258,2259,2
"466","chr16",1,1,1,"*","y","Sp",1,1,1
"467","chr16",217,217,1,"*","y","Sp",217,217,1
"468","chr16",411,411,1,"*","y","Sp",411,412,2
"470","chr16",537,537,1,"*","y","Sp",537,537,1
"471","chr16",819,819,1,"*","y","Sp",818,819,2
"475","chr16",2211,2211,1,"*","y","Sp",2211,2211,1
"476","chr16",2259,2259,1,"*","y","Sp",2258,2259,2
"429","chr16",1,1,1,"*","x","SB",1,1,1
"430","chr16",217,217,1,"*","x","SB",217,217,1
"431","chr16",371,371,1,"*","x","SB",371,371,1
"434","chr16",537,537,1,"*","x","SB",537,537,1
"435","chr16",740,740,1,"*","x","SB",740,740,1
"440","chr16",2211,2211,1,"*","x","SB",2211,2211,1
"441","chr16",2259,2259,1,"*","x","SB",2258,2259,2
"442","chr16",1,1,1,"*","y","SB",1,1,1
"443","chr16",217,217,1,"*","y","SB",217,217,1
"444","chr16",371,371,1,"*","y","SB",371,371,1
"447","chr16",537,537,1,"*","y","SB",537,537,1
"448","chr16",740,740,1,"*","y","SB",740,740,1
"453","chr16",2211,2211,1,"*","y","SB",2211,2211,1
"454","chr16",2259,2259,1,"*","y","SB",2258,2259,2
"409","chr16",1,1,1,"*","x","RV",1,1,1
"410","chr16",217,217,1,"*","x","RV",217,217,1
"411","chr16",411,411,1,"*","x","RV",411,412,2
"413","chr16",829,829,1,"*","x","RV",828,832,5
"414","chr16",831,831,1,"*","x","RV",828,832,5
"417","chr16",2211,2211,1,"*","x","RV",2211,2211,1
"418","chr16",2259,2259,1,"*","x","RV",2258,2259,2
"419","chr16",1,1,1,"*","y","RV",1,1,1
"420","chr16",217,217,1,"*","y","RV",217,217,1
"421","chr16",411,411,1,"*","y","RV",411,412,2
"423","chr16",829,829,1,"*","y","RV",828,832,5
"424","chr16",831,831,1,"*","y","RV",828,832,5
"427","chr16",2211,2211,1,"*","y","RV",2211,2211,1
"428","chr16",2259,2259,1,"*","y","RV",2258,2259,2
"383","chr16",1,1,1,"*","x","PM",1,1,1
"384","chr16",217,217,1,"*","x","PM",217,217,1
"385","chr16",411,411,1,"*","x","PM",411,412,2
"387","chr16",537,537,1,"*","x","PM",537,537,1
"388","chr16",711,711,1,"*","x","PM",711,711,1
"389","chr16",756,756,1,"*","x","PM",756,756,1
"390","chr16",819,819,1,"*","x","PM",818,819,2
"394","chr16",2211,2211,1,"*","x","PM",2211,2211,1
"395","chr16",2259,2259,1,"*","x","PM",2258,2259,2
"396","chr16",1,1,1,"*","y","PM",1,1,1
"397","chr16",217,217,1,"*","y","PM",217,217,1
"398","chr16",411,411,1,"*","y","PM",411,412,2
"400","chr16",537,537,1,"*","y","PM",537,537,1
"401","chr16",711,711,1,"*","y","PM",711,711,1
"402","chr16",756,756,1,"*","y","PM",756,756,1
"403","chr16",819,819,1,"*","y","PM",818,819,2
"407","chr16",2211,2211,1,"*","y","PM",2211,2211,1
"408","chr16",2259,2259,1,"*","y","PM",2258,2259,2
"357","chr16",1,1,1,"*","x","Pa",1,1,1
"358","chr16",217,217,1,"*","x","Pa",217,217,1
"359","chr16",371,371,1,"*","x","Pa",371,371,1
"362","chr16",537,537,1,"*","x","Pa",537,537,1
"363","chr16",563,563,1,"*","x","Pa",563,563,1
"364","chr16",819,819,1,"*","x","Pa",818,819,2
"368","chr16",2211,2211,1,"*","x","Pa",2211,2211,1
"369","chr16",2259,2259,1,"*","x","Pa",2258,2259,2
"370","chr16",1,1,1,"*","y","Pa",1,1,1
"371","chr16",217,217,1,"*","y","Pa",217,217,1
"372","chr16",371,371,1,"*","y","Pa",371,371,1
"375","chr16",537,537,1,"*","y","Pa",537,537,1
"376","chr16",563,563,1,"*","y","Pa",563,563,1
"377","chr16",819,819,1,"*","y","Pa",818,819,2
"381","chr16",2211,2211,1,"*","y","Pa",2211,2211,1
"382","chr16",2259,2259,1,"*","y","Pa",2258,2259,2
"325","chr16",1,1,1,"*","x","Ov",1,1,1
"326","chr16",217,217,1,"*","x","Ov",217,217,1
"327","chr16",371,371,1,"*","x","Ov",371,371,1
"330","chr16",537,537,1,"*","x","Ov",537,537,1
"331","chr16",563,563,1,"*","x","Ov",563,563,1
"332","chr16",711,711,1,"*","x","Ov",711,711,1
"333","chr16",718,718,1,"*","x","Ov",718,718,1
"334","chr16",740,740,1,"*","x","Ov",740,740,1
"335","chr16",819,819,1,"*","x","Ov",818,819,2
"339","chr16",2211,2211,1,"*","x","Ov",2211,2211,1
"340","chr16",2259,2259,1,"*","x","Ov",2258,2259,2
"341","chr16",1,1,1,"*","y","Ov",1,1,1
"342","chr16",217,217,1,"*","y","Ov",217,217,1
"343","chr16",371,371,1,"*","y","Ov",371,371,1
"346","chr16",537,537,1,"*","y","Ov",537,537,1
"347","chr16",563,563,1,"*","y","Ov",563,563,1
"348","chr16",711,711,1,"*","y","Ov",711,711,1
"349","chr16",718,718,1,"*","y","Ov",718,718,1
"350","chr16",740,740,1,"*","y","Ov",740,740,1
"351","chr16",819,819,1,"*","y","Ov",818,819,2
"355","chr16",2211,2211,1,"*","y","Ov",2211,2211,1
"356","chr16",2259,2259,1,"*","y","Ov",2258,2259,2
"305","chr16",1,1,1,"*","x","NPC",1,1,1
"306","chr16",217,217,1,"*","x","NPC",217,217,1
"308","chr16",463,463,1,"*","x","NPC",461,463,3
"309","chr16",819,819,1,"*","x","NPC",818,819,2
"313","chr16",2211,2211,1,"*","x","NPC",2211,2211,1
"314","chr16",2259,2259,1,"*","x","NPC",2258,2259,2
"315","chr16",1,1,1,"*","y","NPC",1,1,1
"316","chr16",217,217,1,"*","y","NPC",217,217,1
"318","chr16",463,463,1,"*","y","NPC",461,463,3
"319","chr16",819,819,1,"*","y","NPC",818,819,2
"323","chr16",2211,2211,1,"*","y","NPC",2211,2211,1
"324","chr16",2259,2259,1,"*","y","NPC",2258,2259,2
"285","chr16",1,1,1,"*","x","MSC",1,1,1
"286","chr16",217,217,1,"*","x","MSC",217,217,1
"288","chr16",463,463,1,"*","x","MSC",461,463,3
"289","chr16",829,829,1,"*","x","MSC",828,832,5
"290","chr16",831,831,1,"*","x","MSC",828,832,5
"293","chr16",2211,2211,1,"*","x","MSC",2211,2211,1
"294","chr16",2259,2259,1,"*","x","MSC",2258,2259,2
"295","chr16",1,1,1,"*","y","MSC",1,1,1
"296","chr16",217,217,1,"*","y","MSC",217,217,1
"298","chr16",463,463,1,"*","y","MSC",461,463,3
"299","chr16",829,829,1,"*","y","MSC",828,832,5
"300","chr16",831,831,1,"*","y","MSC",828,832,5
"303","chr16",2211,2211,1,"*","y","MSC",2211,2211,1
"304","chr16",2259,2259,1,"*","y","MSC",2258,2259,2
"263","chr16",1,1,1,"*","x","MesC",1,1,1
"264","chr16",217,217,1,"*","x","MesC",217,217,1
"265","chr16",411,411,1,"*","x","MesC",411,412,2
"266","chr16",463,463,1,"*","x","MesC",461,463,3
"267","chr16",819,819,1,"*","x","MesC",818,819,2
"268","chr16",829,829,1,"*","x","MesC",828,832,5
"272","chr16",2211,2211,1,"*","x","MesC",2211,2211,1
"273","chr16",2259,2259,1,"*","x","MesC",2258,2259,2
"274","chr16",1,1,1,"*","y","MesC",1,1,1
"275","chr16",217,217,1,"*","y","MesC",217,217,1
"276","chr16",411,411,1,"*","y","MesC",411,412,2
"277","chr16",463,463,1,"*","y","MesC",461,463,3
"278","chr16",819,819,1,"*","y","MesC",818,819,2
"279","chr16",829,829,1,"*","y","MesC",828,832,5
"283","chr16",2211,2211,1,"*","y","MesC",2211,2211,1
"284","chr16",2259,2259,1,"*","y","MesC",2258,2259,2
"243","chr16",1,1,1,"*","x","LV",1,1,1
"244","chr16",217,217,1,"*","x","LV",217,217,1
"245","chr16",411,411,1,"*","x","LV",411,412,2
"247","chr16",819,819,1,"*","x","LV",818,819,2
"251","chr16",2211,2211,1,"*","x","LV",2211,2211,1
"252","chr16",2259,2259,1,"*","x","LV",2258,2259,2
"253","chr16",1,1,1,"*","y","LV",1,1,1
"254","chr16",217,217,1,"*","y","LV",217,217,1
"255","chr16",411,411,1,"*","y","LV",411,412,2
"257","chr16",819,819,1,"*","y","LV",818,819,2
"261","chr16",2211,2211,1,"*","y","LV",2211,2211,1
"262","chr16",2259,2259,1,"*","y","LV",2258,2259,2
"209","chr16",1,1,1,"*","x","Lu",1,1,1
"210","chr16",217,217,1,"*","x","Lu",217,217,1
"212","chr16",421,421,1,"*","x","Lu",421,421,1
"214","chr16",537,537,1,"*","x","Lu",537,537,1
"215","chr16",563,563,1,"*","x","Lu",563,563,1
"216","chr16",711,711,1,"*","x","Lu",711,711,1
"217","chr16",740,740,1,"*","x","Lu",740,740,1
"218","chr16",756,756,1,"*","x","Lu",756,756,1
"219","chr16",819,819,1,"*","x","Lu",818,819,2
"223","chr16",2211,2211,1,"*","x","Lu",2211,2211,1
"224","chr16",2256,2256,1,"*","x","Lu",2256,2256,1
"225","chr16",2259,2259,1,"*","x","Lu",2258,2259,2
"226","chr16",1,1,1,"*","y","Lu",1,1,1
"227","chr16",217,217,1,"*","y","Lu",217,217,1
"229","chr16",421,421,1,"*","y","Lu",421,421,1
"231","chr16",537,537,1,"*","y","Lu",537,537,1
"232","chr16",563,563,1,"*","y","Lu",563,563,1
"233","chr16",711,711,1,"*","y","Lu",711,711,1
"234","chr16",740,740,1,"*","y","Lu",740,740,1
"235","chr16",756,756,1,"*","y","Lu",756,756,1
"236","chr16",819,819,1,"*","y","Lu",818,819,2
"240","chr16",2211,2211,1,"*","y","Lu",2211,2211,1
"241","chr16",2256,2256,1,"*","y","Lu",2256,2256,1
"242","chr16",2259,2259,1,"*","y","Lu",2258,2259,2
"191","chr16",1,1,1,"*","x","Li",1,1,1
"192","chr16",217,217,1,"*","x","Li",217,217,1
"193","chr16",411,411,1,"*","x","Li",411,412,2
"195","chr16",829,829,1,"*","x","Li",828,832,5
"198","chr16",2211,2211,1,"*","x","Li",2211,2211,1
"199","chr16",2259,2259,1,"*","x","Li",2258,2259,2
"200","chr16",1,1,1,"*","y","Li",1,1,1
"201","chr16",217,217,1,"*","y","Li",217,217,1
"202","chr16",411,411,1,"*","y","Li",411,412,2
"204","chr16",829,829,1,"*","y","Li",828,832,5
"207","chr16",2211,2211,1,"*","y","Li",2211,2211,1
"208","chr16",2259,2259,1,"*","y","Li",2258,2259,2
"167","chr16",1,1,1,"*","x","LC",1,1,1
"168","chr16",217,217,1,"*","x","LC",217,217,1
"169","chr16",371,371,1,"*","x","LC",371,371,1
"172","chr16",819,819,1,"*","x","LC",818,819,2
"173","chr16",829,829,1,"*","x","LC",828,832,5
"174","chr16",831,831,1,"*","x","LC",828,832,5
"177","chr16",2211,2211,1,"*","x","LC",2211,2211,1
"178","chr16",2259,2259,1,"*","x","LC",2258,2259,2
"179","chr16",1,1,1,"*","y","LC",1,1,1
"180","chr16",217,217,1,"*","y","LC",217,217,1
"181","chr16",371,371,1,"*","y","LC",371,371,1
"184","chr16",819,819,1,"*","y","LC",818,819,2
"185","chr16",829,829,1,"*","y","LC",828,832,5
"186","chr16",831,831,1,"*","y","LC",828,832,5
"189","chr16",2211,2211,1,"*","y","LC",2211,2211,1
"190","chr16",2259,2259,1,"*","y","LC",2258,2259,2
"145","chr16",1,1,1,"*","x","Hi",1,1,1
"146","chr16",217,217,1,"*","x","Hi",217,217,1
"147","chr16",371,371,1,"*","x","Hi",371,371,1
"150","chr16",756,756,1,"*","x","Hi",756,756,1
"154","chr16",2211,2211,1,"*","x","Hi",2211,2211,1
"156","chr16",1,1,1,"*","y","Hi",1,1,1
"157","chr16",217,217,1,"*","y","Hi",217,217,1
"158","chr16",371,371,1,"*","y","Hi",371,371,1
"161","chr16",756,756,1,"*","y","Hi",756,756,1
"165","chr16",2211,2211,1,"*","y","Hi",2211,2211,1
"123","chr16",1,1,1,"*","x","FC",1,1,1
"124","chr16",217,217,1,"*","x","FC",217,217,1
"125","chr16",411,411,1,"*","x","FC",411,412,2
"127","chr16",819,819,1,"*","x","FC",818,819,2
"128","chr16",829,829,1,"*","x","FC",828,832,5
"132","chr16",2211,2211,1,"*","x","FC",2211,2211,1
"133","chr16",2259,2259,1,"*","x","FC",2258,2259,2
"134","chr16",1,1,1,"*","y","FC",1,1,1
"135","chr16",217,217,1,"*","y","FC",217,217,1
"136","chr16",411,411,1,"*","y","FC",411,412,2
"138","chr16",819,819,1,"*","y","FC",818,819,2
"139","chr16",829,829,1,"*","y","FC",828,832,5
"143","chr16",2211,2211,1,"*","y","FC",2211,2211,1
"144","chr16",2259,2259,1,"*","y","FC",2258,2259,2
"99","chr16",1,1,1,"*","x","ESC",1,1,1
"100","chr16",217,217,1,"*","x","ESC",217,217,1
"101","chr16",371,371,1,"*","x","ESC",371,371,1
"102","chr16",411,411,1,"*","x","ESC",411,412,2
"104","chr16",537,537,1,"*","x","ESC",537,537,1
"105","chr16",819,819,1,"*","x","ESC",818,819,2
"109","chr16",2211,2211,1,"*","x","ESC",2211,2211,1
"110","chr16",2259,2259,1,"*","x","ESC",2258,2259,2
"111","chr16",1,1,1,"*","y","ESC",1,1,1
"112","chr16",217,217,1,"*","y","ESC",217,217,1
"113","chr16",371,371,1,"*","y","ESC",371,371,1
"114","chr16",411,411,1,"*","y","ESC",411,412,2
"116","chr16",537,537,1,"*","y","ESC",537,537,1
"117","chr16",819,819,1,"*","y","ESC",818,819,2
"121","chr16",2211,2211,1,"*","y","ESC",2211,2211,1
"122","chr16",2259,2259,1,"*","y","ESC",2258,2259,2
"71","chr16",1,1,1,"*","x","Co",1,1,1
"72","chr16",217,217,1,"*","x","Co",217,217,1
"73","chr16",371,371,1,"*","x","Co",371,371,1
"74","chr16",411,411,1,"*","x","Co",411,412,2
"76","chr16",740,740,1,"*","x","Co",740,740,1
"77","chr16",756,756,1,"*","x","Co",756,756,1
"78","chr16",819,819,1,"*","x","Co",818,819,2
"79","chr16",829,829,1,"*","x","Co",828,832,5
"80","chr16",831,831,1,"*","x","Co",828,832,5
"83","chr16",2211,2211,1,"*","x","Co",2211,2211,1
"85","chr16",1,1,1,"*","y","Co",1,1,1
"86","chr16",217,217,1,"*","y","Co",217,217,1
"87","chr16",371,371,1,"*","y","Co",371,371,1
"88","chr16",411,411,1,"*","y","Co",411,412,2
"90","chr16",740,740,1,"*","y","Co",740,740,1
"91","chr16",756,756,1,"*","y","Co",756,756,1
"92","chr16",819,819,1,"*","y","Co",818,819,2
"93","chr16",829,829,1,"*","y","Co",828,832,5
"94","chr16",831,831,1,"*","y","Co",828,832,5
"97","chr16",2211,2211,1,"*","y","Co",2211,2211,1
"47","chr16",1,1,1,"*","x","Bl",1,1,1
"48","chr16",217,217,1,"*","x","Bl",217,217,1
"49","chr16",371,371,1,"*","x","Bl",371,371,1
"53","chr16",829,829,1,"*","x","Bl",828,832,5
"54","chr16",831,831,1,"*","x","Bl",828,832,5
"57","chr16",2211,2211,1,"*","x","Bl",2211,2211,1
"58","chr16",2259,2259,1,"*","x","Bl",2258,2259,2
"59","chr16",1,1,1,"*","y","Bl",1,1,1
"60","chr16",217,217,1,"*","y","Bl",217,217,1
"61","chr16",371,371,1,"*","y","Bl",371,371,1
"65","chr16",829,829,1,"*","y","Bl",828,832,5
"66","chr16",831,831,1,"*","y","Bl",828,832,5
"69","chr16",2211,2211,1,"*","y","Bl",2211,2211,1
"70","chr16",2259,2259,1,"*","y","Bl",2258,2259,2
"25","chr16",1,1,1,"*","x","Ao",1,1,1
"26","chr16",217,217,1,"*","x","Ao",217,217,1
"27","chr16",371,371,1,"*","x","Ao",371,371,1
"30","chr16",819,819,1,"*","x","Ao",818,819,2
"34","chr16",2211,2211,1,"*","x","Ao",2211,2211,1
"35","chr16",2259,2259,1,"*","x","Ao",2258,2259,2
"36","chr16",1,1,1,"*","y","Ao",1,1,1
"37","chr16",217,217,1,"*","y","Ao",217,217,1
"38","chr16",371,371,1,"*","y","Ao",371,371,1
"41","chr16",819,819,1,"*","y","Ao",818,819,2
"45","chr16",2211,2211,1,"*","y","Ao",2211,2211,1
"46","chr16",2259,2259,1,"*","y","Ao",2258,2259,2
"1","chr16",1,1,1,"*","x","AG",1,1,1
"2","chr16",217,217,1,"*","x","AG",217,217,1
"3","chr16",371,371,1,"*","x","AG",371,371,1
"4","chr16",411,411,1,"*","x","AG",411,412,2
"6","chr16",537,537,1,"*","x","AG",537,537,1
"11","chr16",2211,2211,1,"*","x","AG",2211,2211,1
"12","chr16",2259,2259,1,"*","x","AG",2258,2259,2
"13","chr16",1,1,1,"*","y","AG",1,1,1
"14","chr16",217,217,1,"*","y","AG",217,217,1
"15","chr16",371,371,1,"*","y","AG",371,371,1
"16","chr16",411,411,1,"*","y","AG",411,412,2
"18","chr16",537,537,1,"*","y","AG",537,537,1
"23","chr16",2211,2211,1,"*","y","AG",2211,2211,1
"24","chr16",2259,2259,1,"*","y","AG",2258,2259,2
