"","Cp21_hg19","Cp21_ESC","Cp21_FC","Cp21_LC","CptopCP3_hg19","CptopCP3_ESC","CptopCP3_FC","CptopCP3_LC","CpAllCs1perc_hg19","CpAllCs1perc_ESC","CpAllCs1perc_FC","CpAllCs1perc_LC"
"AAGCTTCC_denovomotif",1,1,1,1,1,1,1,1,1,1,1,1
"A_Phased_Repeat_nonBDNA",1,1,1,1,1,1,1,1,1,1,1,1
"AAGCTTCT_denovomotif",1,1,1,1,1,1,1,1,1,1,1,1
"B_shared_compartment",1,1,1,1,1,1,1,1,1,1,1,1
"B2_shared_subcompartment",1,1,1,1,1,1,1,1,1,1,1,1
"B2_subcompPred_HAP1",1,1,1,1,1,1,1,1,1,1,1,1
"B2_subcompPred_HeLa",1,1,1,1,1,1,1,1,1,1,1,1
"B2_subcompPred_HMEC",1,1,1,1,1,1,1,1,1,1,1,1
"B2_subcompPred_HSPC",1,1,1,1,1,1,1,1,1,1,1,1
"B2_subcompPred_HUVEC",1,1,1,1,1,1,1,1,1,1,1,1
"B2_subcompPred_K562",1,1,1,1,1,1,1,1,1,1,1,1
"B2_subcompPred_TCell",1,1,1,1,1,1,1,1,1,1,1,1
"B3_shared_subcompartment",1,1,1,1,1,1,1,1,1,1,1,1
"B3_subcompPred_HAP1",1,1,1,1,1,1,1,1,1,1,1,1
"B3_subcompPred_HeLa",1,1,1,1,1,1,1,1,1,1,1,1
"B3_subcompPred_HMEC",1,1,1,1,1,1,1,1,1,1,1,1
"B3_subcompPred_HSPC",1,1,1,1,1,1,1,1,1,1,1,1
"B3_subcompPred_HUVEC",1,1,1,1,1,1,1,1,1,1,1,1
"B3_subcompPred_K562",1,1,1,1,1,1,1,1,1,1,1,1
"B3_subcompPred_TCell",1,1,1,1,1,1,1,1,1,1,1,1
"CAAGCTTT_denovomotif",1,1,1,1,1,1,1,1,1,1,1,1
"GRB_canFam3_binned_kurtosis_arl_370_0.7_pc_30_kb_windows",1,1,1,1,1,1,1,1,1,1,1,1
"GRB_galGal4_binned_kurtosis_arl_370_0.7_pc_30_kb_windows",1,1,1,1,1,1,1,1,1,1,1,1
"GRB_gorGor3_binned_kurtosis_arl_370_0.7_pc_30_kb_windows",1,1,1,1,1,1,1,1,1,1,1,1
"GRB_monDom5_binned_kurtosis_arl_370_0.7_pc_30_kb_windows",1,1,1,1,1,1,1,1,1,1,1,1
"GRB_rheMac3_binned_kurtosis_arl_370_0.7_pc_30_kb_windows",1,1,1,1,1,1,1,1,1,1,1,1
"GRB_shared_binned_kurtosis_arl_370_0.7_pc_30_kb_windows",1,1,1,1,1,1,1,1,1,1,1,1
"huCNE_canFam3_100pc_50col_noncoding",1,1,1,1,1,1,1,1,1,1,1,1
"huCNE_canFam3_96pc_50col_noncoding",1,1,1,1,1,1,1,1,1,1,1,1
"huCNE_galGal4_80pc_50col_noncoding",1,1,1,1,1,1,1,1,1,1,1,1
"huCNE_galGal4_90pc_50col_noncoding",1,1,1,1,1,1,1,1,1,1,1,1
"huCNE_galGal4_98pc_50col_noncoding",1,1,1,1,1,1,1,1,1,1,1,1
"huCNE_monDom5_100pc_50col_noncoding",1,1,1,1,1,1,1,1,1,1,1,1
"huCNE_monDom5_80pc_50col_noncoding",1,1,1,1,1,1,1,1,1,1,1,1
"huCNE_monDom5_96pc_50col_noncoding",1,1,1,1,1,1,1,1,1,1,1,1
"huCNE_rheMac3_100pc_150col_noncoding",1,1,1,1,1,1,1,1,1,1,1,1
"huCNE_rheMac3_99.3pc_150col_noncoding",1,1,1,1,1,1,1,1,1,1,1,1
"L_isochore",1,1,1,1,1,1,1,1,1,1,1,1
"L1_isochore",1,1,1,1,1,1,1,1,1,1,1,1
"L12_isochore",1,1,1,1,1,1,1,1,1,1,1,1
"L2_isochore",1,1,1,1,1,1,1,1,1,1,1,1
"LMNB1_shared_TF",1,1,1,1,1,1,1,1,1,1,1,1
"prairie_FP",1,1,1,1,1,1,1,1,1,1,1,1
"TTAAGCTT_denovomotif",1,1,1,1,1,1,1,1,1,1,1,1
"huCNE_LepOcu1_96.6pc_30col_noncoding",1,1,1,1,1,1,1,1,0,1,1,1
"huCNE_LepOcu1_80pc_30col_noncoding",1,1,1,1,1,1,1,1,0,1,1,1
"huCNE_shared_noncoding",1,1,1,1,1,1,1,1,0,1,1,1
"B_compartment",0.1,1,1,1,0.1,1,1,1,0.1,1,1,1
"huCNE_gorGor3_100pc_400col_noncoding",0,0,0,0,1,1,1,1,1,1,1,1
"huCNE_LepOcu1_70pc_30col_noncoding",0,0,0,0,1,1,1,1,0,0,0,0
"B2_subcompPred_GM12878",0.1,0.1,0.1,1,0.1,0.1,0.1,1,0.1,0.1,0.1,1
"B2_scompRaob37",0.1,0.1,0.1,1,0.1,0.1,0.1,1,0.1,0.1,0.1,1
"B3_scompRaob37",0.1,0.1,0.1,1,0.1,0.1,0.1,1,0.1,0.1,0.1,1
"B3_subcompPred_GM12878",0.1,0.1,0.1,1,0.1,0.1,0.1,1,0.1,0.1,0.1,1
"B4_scompRaob37",0.1,0.1,0.1,1,0.1,0.1,0.1,1,0.1,0.1,0.1,1
"A2_subcompPred_IMR90",0.1,0.1,-1,0.1,0.1,0.1,1,0.1,0.1,0.1,1,0.1
"B1_subcompPred_IMR90",0.1,0.1,-1,0.1,0.1,0.1,-1,0.1,0.1,0.1,1,0.1
"CHD7_TF",0.1,1,0.1,0.1,0.1,1,0.1,0.1,0.1,1,0.1,0.1
"H2BK120ac_br_broadPeak",0.1,1,-1,0.1,0.1,1,-1,0.1,0.1,1,-1,0.1
"L2H1_isochore",-1,-1,-1,-1,1,1,1,1,1,1,1,1
"huCNE_gorGor3_100pc_500col_noncoding",-1,-1,-1,-1,1,1,1,1,1,1,1,1
"LH_isochore",-1,-1,-1,-1,1,1,1,1,1,1,1,1
"B1_subcompPred_HMEC",-1,-1,-1,-1,1,1,1,1,1,-1,1,1
"A2_subcompPred_HMEC",-1,-1,-1,-1,0,0,0,0,1,1,1,1
"A2_shared_subcompartment",-1,-1,-1,-1,0,0,0,0,1,1,1,1
"A2_subcompPred_HUVEC",-1,-1,-1,-1,0,0,0,0,1,1,1,1
"A2_subcompPred_K562",-1,-1,-1,-1,0,0,0,0,1,1,1,1
"A2_subcompPred_TCell",-1,-1,-1,-1,0,0,0,0,1,1,1,1
"H3K9me3br_shared_broadPeak",-1,-1,-1,-1,0,0,0,0,1,0,1,0
"B1_subcompPred_HUVEC",-1,-1,-1,-1,0,0,0,0,1,-1,1,1
"Slipped_Motif_nonBDNA",-1,-1,-1,-1,0,0,0,0,0,0,0,0
"B3_subcompPred_IMR90",0.1,0.1,1,0.1,0.1,0.1,1,0.1,0.1,0.1,1,0.1
"B2_subcompPred_IMR90",0.1,0.1,1,0.1,0.1,0.1,1,0.1,0.1,0.1,1,0.1
"LMNB1_TF",0.1,1,1,0.1,0.1,1,1,0.1,0.1,1,1,0.1
"H3K9me3_br_broadPeak",0.1,1,1,-1,0.1,1,1,0,0.1,0,1,1
"H3K9me3_na_narrowPeak",0.1,0,1,-1,0.1,0,1,-1,0.1,0,1,0
"CBX3_TF",0.1,0.1,0.1,-1,0.1,0.1,0.1,0,0.1,0.1,0.1,1
"CBX5_TF",0.1,0,0.1,-1,0.1,0,0.1,0,0.1,0,0.1,1
"MAFK_TF",0.1,0,0,-1,0.1,0,1,0,0.1,0,0,1
"BCL11A_TF",0.1,1,0.1,-1,0.1,1,0.1,-1,0.1,0,0.1,1
"H2A.Z_br_broadPeak",0.1,1,0,-1,0.1,1,0,-1,0.1,0,0,1
"TCF7_TF",0.1,0.1,0.1,-1,0.1,0.1,0.1,-1,0.1,0.1,0.1,1
"STAT3_TF",0.1,0.1,0.1,-1,0.1,0.1,0.1,-1,0.1,0.1,0.1,1
"JUNB_TF",0.1,0.1,0.1,-1,0.1,0.1,0.1,-1,0.1,0.1,0.1,1
"BATF_TF",0.1,0.1,0.1,-1,0.1,0.1,0.1,-1,0.1,0.1,0.1,1
"A2_subcompPred_GM12878",0.1,0.1,0.1,-1,0.1,0.1,0.1,-1,0.1,0.1,0.1,1
"A2_scompRaob37",0.1,0.1,0.1,-1,0.1,0.1,0.1,-1,0.1,0.1,0.1,1
"POU5F1_TF",0.1,0,0.1,0.1,0.1,0,0.1,0.1,0.1,0,0.1,0.1
"H3K23me2_br_broadPeak",0.1,0,0.1,0.1,0.1,0,0.1,0.1,0.1,0,0.1,0.1
"H2AK9ac_br_broadPeak",0.1,0.1,0,0.1,0.1,0.1,0,0.1,0.1,0.1,0,0.1
"H3K56ac_br_broadPeak",0.1,0,0,0.1,0.1,0,0,0.1,0.1,0,0,0.1
"Direct_Repeat_nonBDNA",0,0,0,0,0,0,0,0,0,0,0,0
"Cruciform_Motif_nonBDNA",0,0,0,0,0,0,0,0,0,0,0,0
"Inverted_Repeat_nonBDNA",0,0,0,0,0,0,0,0,0,0,0,0
"Mirror_Repeat_nonBDNA",0,0,0,0,0,0,0,0,0,0,0,0
"Short_Tandem_Repeat_nonBDNA",0,0,0,0,0,0,0,0,0,0,0,0
"Z_DNA_Motif_nonBDNA",0,0,0,0,0,0,0,0,0,0,0,0
"TOP2B_TF_MCF7",0,0,0,0,0,0,0,0,1,0,0,0
"repeat_repeat",0,0,0,0,0,0,0,0,1,0,0,0
"GRB_lepOcu1_binned_kurtosis_arl_370_0.7_pc_30_kb_windows",0,0,0,0,0,0,0,0,0,0,0,-1
"POLR3G_TF",0.1,0.1,0.1,0,0.1,0.1,0.1,-1,0.1,0.1,0.1,0
"ZNF622_TF",0.1,0.1,0.1,0,0.1,0.1,0.1,-1,0.1,0.1,0.1,-1
"ZZZ3_TF",0.1,0.1,0.1,-1,0.1,0.1,0.1,-1,0.1,0.1,0.1,0
"ZNF384_TF",0.1,0.1,0.1,-1,0.1,0.1,0.1,-1,0.1,0.1,0.1,0
"ZBED1_TF",0.1,0.1,0.1,-1,0.1,0.1,0.1,-1,0.1,0.1,0.1,0
"TBX21_TF",0.1,0.1,0.1,-1,0.1,0.1,0.1,-1,0.1,0.1,0.1,0
"SKIL_TF",0.1,0.1,0.1,-1,0.1,0.1,0.1,-1,0.1,0.1,0.1,0
"RELA_TF",0.1,0.1,0.1,-1,0.1,0.1,0.1,-1,0.1,0.1,0.1,0
"RAD51_TF",0.1,0.1,0.1,-1,0.1,0.1,0.1,-1,0.1,0.1,0.1,0
"PAX8_TF",0.1,0.1,0.1,-1,0.1,0.1,0.1,-1,0.1,0.1,0.1,0
"NFXL1_TF",0.1,0.1,0.1,-1,0.1,0.1,0.1,-1,0.1,0.1,0.1,0
"NFIC_TF",0.1,0.1,0.1,-1,0.1,0.1,0.1,-1,0.1,0.1,0.1,0
"MTA2_TF",0.1,0.1,0.1,-1,0.1,0.1,0.1,-1,0.1,0.1,0.1,0
"MEF2C_TF",0.1,0.1,0.1,-1,0.1,0.1,0.1,-1,0.1,0.1,0.1,0
"MEF2A_TF",0.1,0.1,0.1,-1,0.1,0.1,0.1,-1,0.1,0.1,0.1,0
"ETV6_TF",0.1,0.1,0.1,-1,0.1,0.1,0.1,-1,0.1,0.1,0.1,0
"CUX1_TF",0.1,0.1,0.1,-1,0.1,0.1,0.1,-1,0.1,0.1,0.1,0
"BMI1_TF",0.1,0.1,0.1,-1,0.1,0.1,0.1,-1,0.1,0.1,0.1,0
"ZSCAN29_TF",0.1,0.1,0.1,-1,0.1,0.1,0.1,-1,0.1,0.1,0.1,-1
"ZNF687_TF",0.1,0.1,0.1,-1,0.1,0.1,0.1,-1,0.1,0.1,0.1,-1
"ZNF592_TF",0.1,0.1,0.1,-1,0.1,0.1,0.1,-1,0.1,0.1,0.1,-1
"ZNF24_TF",0.1,0.1,0.1,-1,0.1,0.1,0.1,-1,0.1,0.1,0.1,-1
"ZNF217_TF",0.1,0.1,0.1,-1,0.1,0.1,0.1,-1,0.1,0.1,0.1,-1
"ZNF207_TF",0.1,0.1,0.1,-1,0.1,0.1,0.1,-1,0.1,0.1,0.1,-1
"ZFP36_TF",0.1,0.1,0.1,-1,0.1,0.1,0.1,-1,0.1,0.1,0.1,-1
"ZBTB40_TF",0.1,0.1,0.1,-1,0.1,0.1,0.1,-1,0.1,0.1,0.1,-1
"ZBTB33_TF",0.1,0.1,0.1,-1,0.1,0.1,0.1,-1,0.1,0.1,0.1,-1
"YBX1_TF",0.1,0.1,0.1,-1,0.1,0.1,0.1,-1,0.1,0.1,0.1,-1
"WRNIP1_TF",0.1,0.1,0.1,-1,0.1,0.1,0.1,-1,0.1,0.1,0.1,-1
"UBTF_TF",0.1,0.1,0.1,-1,0.1,0.1,0.1,-1,0.1,0.1,0.1,-1
"TRIM22_TF",0.1,0.1,0.1,-1,0.1,0.1,0.1,-1,0.1,0.1,0.1,-1
"TCF3_TF",0.1,0.1,0.1,-1,0.1,0.1,0.1,-1,0.1,0.1,0.1,-1
"TBL1XR1_TF",0.1,0.1,0.1,-1,0.1,0.1,0.1,-1,0.1,0.1,0.1,-1
"TARDBP_TF",0.1,0.1,0.1,-1,0.1,0.1,0.1,-1,0.1,0.1,0.1,-1
"STAT5A_TF",0.1,0.1,0.1,-1,0.1,0.1,0.1,-1,0.1,0.1,0.1,-1
"STAT1_TF",0.1,0.1,0.1,-1,0.1,0.1,0.1,-1,0.1,0.1,0.1,-1
"SPI1_TF",0.1,0.1,0.1,-1,0.1,0.1,0.1,-1,0.1,0.1,0.1,-1
"SMARCA5_TF",0.1,0.1,0.1,-1,0.1,0.1,0.1,-1,0.1,0.1,0.1,-1
"SMAD5_TF",0.1,0.1,0.1,-1,0.1,0.1,0.1,-1,0.1,0.1,0.1,-1
"SMAD1_TF",0.1,0.1,0.1,-1,0.1,0.1,0.1,-1,0.1,0.1,0.1,-1
"RUNX3_TF",0.1,0.1,0.1,-1,0.1,0.1,0.1,-1,0.1,0.1,0.1,-1
"RELB_TF",0.1,0.1,0.1,-1,0.1,0.1,0.1,-1,0.1,0.1,0.1,-1
"RCOR1_TF",0.1,0.1,0.1,-1,0.1,0.1,0.1,-1,0.1,0.1,0.1,-1
"RB1_TF",0.1,0.1,0.1,-1,0.1,0.1,0.1,-1,0.1,0.1,0.1,-1
"POU2F2_TF",0.1,0.1,0.1,-1,0.1,0.1,0.1,-1,0.1,0.1,0.1,-1
"POLR2AphosphoS2_TF",0.1,0.1,0.1,-1,0.1,0.1,0.1,-1,0.1,0.1,0.1,-1
"PML_TF",0.1,0.1,0.1,-1,0.1,0.1,0.1,-1,0.1,0.1,0.1,-1
"PKNOX1_TF",0.1,0.1,0.1,-1,0.1,0.1,0.1,-1,0.1,0.1,0.1,-1
"PBX3_TF",0.1,0.1,0.1,-1,0.1,0.1,0.1,-1,0.1,0.1,0.1,-1
"PAX5_TF",0.1,0.1,0.1,-1,0.1,0.1,0.1,-1,0.1,0.1,0.1,-1
"NR2F1_TF",0.1,0.1,0.1,-1,0.1,0.1,0.1,-1,0.1,0.1,0.1,-1
"NR2C2_TF",0.1,0.1,0.1,-1,0.1,0.1,0.1,-1,0.1,0.1,0.1,-1
"NR2C1_TF",0.1,0.1,0.1,-1,0.1,0.1,0.1,-1,0.1,0.1,0.1,-1
"NKRF_TF",0.1,0.1,0.1,-1,0.1,0.1,0.1,-1,0.1,0.1,0.1,-1
"NFYB_TF",0.1,0.1,0.1,-1,0.1,0.1,0.1,-1,0.1,0.1,0.1,-1
"NFYA_TF",0.1,0.1,0.1,-1,0.1,0.1,0.1,-1,0.1,0.1,0.1,-1
"NFATC3_TF",0.1,0.1,0.1,-1,0.1,0.1,0.1,-1,0.1,0.1,0.1,-1
"NFATC1_TF",0.1,0.1,0.1,-1,0.1,0.1,0.1,-1,0.1,0.1,0.1,-1
"NBN_TF",0.1,0.1,0.1,-1,0.1,0.1,0.1,-1,0.1,0.1,0.1,-1
"MYB_TF",0.1,0.1,0.1,-1,0.1,0.1,0.1,-1,0.1,0.1,0.1,-1
"MTA3_TF",0.1,0.1,0.1,-1,0.1,0.1,0.1,-1,0.1,0.1,0.1,-1
"MLLT1_TF",0.1,0.1,0.1,-1,0.1,0.1,0.1,-1,0.1,0.1,0.1,-1
"MEF2B_TF",0.1,0.1,0.1,-1,0.1,0.1,0.1,-1,0.1,0.1,0.1,-1
"MAX_TF",0.1,0.1,0.1,-1,0.1,0.1,0.1,-1,0.1,0.1,0.1,-1
"LARP7_TF",0.1,0.1,0.1,-1,0.1,0.1,0.1,-1,0.1,0.1,0.1,-1
"KLF5_TF",0.1,0.1,0.1,-1,0.1,0.1,0.1,-1,0.1,0.1,0.1,-1
"IRF5_TF",0.1,0.1,0.1,-1,0.1,0.1,0.1,-1,0.1,0.1,0.1,-1
"IRF4_TF",0.1,0.1,0.1,-1,0.1,0.1,0.1,-1,0.1,0.1,0.1,-1
"IRF3_TF",0.1,0.1,0.1,-1,0.1,0.1,0.1,-1,0.1,0.1,0.1,-1
"IKZF2_TF",0.1,0.1,0.1,-1,0.1,0.1,0.1,-1,0.1,0.1,0.1,-1
"IKZF1_TF",0.1,0.1,0.1,-1,0.1,0.1,0.1,-1,0.1,0.1,0.1,-1
"HSF1_TF",0.1,0.1,0.1,-1,0.1,0.1,0.1,-1,0.1,0.1,0.1,-1
"HDGF_TF",0.1,0.1,0.1,-1,0.1,0.1,0.1,-1,0.1,0.1,0.1,-1
"HCFC1_TF",0.1,0.1,0.1,-1,0.1,0.1,0.1,-1,0.1,0.1,0.1,-1
"GATAD2B_TF",0.1,0.1,0.1,-1,0.1,0.1,0.1,-1,0.1,0.1,0.1,-1
"FOXM1_TF",0.1,0.1,0.1,-1,0.1,0.1,0.1,-1,0.1,0.1,0.1,-1
"FOXK2_TF",0.1,0.1,0.1,-1,0.1,0.1,0.1,-1,0.1,0.1,0.1,-1
"ETS1_TF",0.1,0.1,0.1,-1,0.1,0.1,0.1,-1,0.1,0.1,0.1,-1
"ESRRA_TF",0.1,0.1,0.1,-1,0.1,0.1,0.1,-1,0.1,0.1,0.1,-1
"ELF1_TF",0.1,0.1,0.1,-1,0.1,0.1,0.1,-1,0.1,0.1,0.1,-1
"EED_TF",0.1,0.1,0.1,-1,0.1,0.1,0.1,-1,0.1,0.1,0.1,-1
"EBF1_TF",0.1,0.1,0.1,-1,0.1,0.1,0.1,-1,0.1,0.1,0.1,-1
"E4F1_TF",0.1,0.1,0.1,-1,0.1,0.1,0.1,-1,0.1,0.1,0.1,-1
"E2F8_TF",0.1,0.1,0.1,-1,0.1,0.1,0.1,-1,0.1,0.1,0.1,-1
"E2F4_TF",0.1,0.1,0.1,-1,0.1,0.1,0.1,-1,0.1,0.1,0.1,-1
"DPF2_TF",0.1,0.1,0.1,-1,0.1,0.1,0.1,-1,0.1,0.1,0.1,-1
"CREM_TF",0.1,0.1,0.1,-1,0.1,0.1,0.1,-1,0.1,0.1,0.1,-1
"CHD4_TF",0.1,0.1,0.1,-1,0.1,0.1,0.1,-1,0.1,0.1,0.1,-1
"CEBPZ_TF",0.1,0.1,0.1,-1,0.1,0.1,0.1,-1,0.1,0.1,0.1,-1
"CBFB_TF",0.1,0.1,0.1,-1,0.1,0.1,0.1,-1,0.1,0.1,0.1,-1
"BCLAF1_TF",0.1,0.1,0.1,-1,0.1,0.1,0.1,-1,0.1,0.1,0.1,-1
"BCL3_TF",0.1,0.1,0.1,-1,0.1,0.1,0.1,-1,0.1,0.1,0.1,-1
"B1_subcompPred_GM12878",0.1,0.1,0.1,-1,0.1,0.1,0.1,-1,0.1,0.1,0.1,-1
"B1_scompRaob37",0.1,0.1,0.1,-1,0.1,0.1,0.1,-1,0.1,0.1,0.1,-1
"ATF7_TF",0.1,0.1,0.1,-1,0.1,0.1,0.1,-1,0.1,0.1,0.1,-1
"ARNT_TF",0.1,0.1,0.1,-1,0.1,0.1,0.1,-1,0.1,0.1,0.1,-1
"ARID3A_TF",0.1,0.1,0.1,-1,0.1,0.1,0.1,-1,0.1,0.1,0.1,-1
"A1_subcompPred_GM12878",0.1,0.1,0.1,-1,0.1,0.1,0.1,-1,0.1,0.1,0.1,-1
"A1_scompRaob37",0.1,0.1,0.1,-1,0.1,0.1,0.1,-1,0.1,0.1,0.1,-1
"A2_subcompPred_HSPC",-1,-1,-1,-1,-1,-1,-1,-1,1,1,0,1
"A2_subcompPred_HeLa",-1,-1,-1,-1,-1,-1,-1,-1,1,-1,-1,1
"H1_isochore",-1,-1,-1,-1,-1,-1,-1,-1,1,-1,0,1
"A2_subcompPred_HAP1",-1,-1,-1,-1,-1,-1,-1,-1,1,-1,0,1
"B1_subcompPred_K562",-1,-1,-1,-1,-1,-1,-1,-1,1,-1,1,1
"B1_subcompPred_TCell",-1,-1,-1,-1,-1,-1,-1,-1,1,-1,1,0
"B1_subcompPred_HSPC",-1,-1,-1,-1,-1,-1,-1,-1,1,-1,0,0
"B1_subcompPred_HAP1",-1,-1,-1,-1,-1,-1,-1,-1,0,-1,1,-1
"B1_subcompPred_HeLa",-1,-1,-1,-1,-1,-1,-1,-1,0,-1,1,0
"B1_shared_subcompartment",-1,-1,-1,-1,-1,-1,-1,-1,0,-1,0,0
"H3K36me3_br_broadPeak",0.1,0,-1,-1,0.1,0,-1,-1,0.1,0,-1,0
"H3K4me3_br_broadPeak",0.1,0,-1,-1,0.1,0,-1,-1,0.1,-1,-1,0
"SMC3_TF",0.1,0.1,-1,-1,0.1,0.1,-1,-1,0.1,0.1,-1,-1
"MAZ_TF",0.1,0.1,-1,-1,0.1,0.1,-1,-1,0.1,0.1,-1,-1
"FOS_TF",0.1,0.1,-1,-1,0.1,0.1,-1,-1,0.1,0.1,-1,-1
"ELK1_TF",0.1,0.1,-1,-1,0.1,0.1,-1,-1,0.1,0.1,-1,-1
"BHLHE40_TF",0.1,0.1,-1,-1,0.1,0.1,-1,-1,0.1,0.1,-1,-1
"H3K79me2_br_broadPeak",0.1,0,-1,-1,0.1,0,-1,-1,0.1,0,-1,-1
"H3K4me2_br_broadPeak",0.1,0,-1,-1,0.1,0,-1,-1,0.1,0,-1,-1
"H3K4me1_br_broadPeak",0.1,0,-1,-1,0.1,0,-1,-1,0.1,0,-1,-1
"H3K27ac_br_broadPeak",0.1,0,-1,-1,0.1,0,-1,-1,0.1,0,-1,-1
"H2A.Z_na_narrowPeak",0.1,0,-1,-1,0.1,0,-1,-1,0.1,0,-1,-1
"H4K20me1_br_broadPeak",0.1,0,-1,-1,0.1,0,-1,0,0.1,0,-1,0
"H3K9ac_br_broadPeak",0.1,0,-1,-1,0.1,0,-1,0,0.1,0,-1,0
"H3K27me3_br_broadPeak",0.1,0,-1,0,0.1,0,-1,1,0.1,0,-1,0
"NFE2L2_TF",0.1,0.1,-1,0.1,0.1,0.1,-1,0.1,0.1,0.1,-1,0.1
"H3K9me1_na_narrowPeak",0.1,0.1,-1,0.1,0.1,0.1,-1,0.1,0.1,0.1,-1,0.1
"H3K9me1_br_broadPeak",0.1,0.1,-1,0.1,0.1,0.1,-1,0.1,0.1,0.1,-1,0.1
"H2AK9ac_na_narrowPeak",0.1,0.1,-1,0.1,0.1,0.1,-1,0.1,0.1,0.1,-1,0.1
"A1_subcompPred_IMR90",0.1,0.1,-1,0.1,0.1,0.1,-1,0.1,0.1,0.1,-1,0.1
"H4K91ac_br_broadPeak",0.1,0,-1,0.1,0.1,0,-1,0.1,0.1,0,-1,0.1
"H4K8ac_br_broadPeak",0.1,0,-1,0.1,0.1,0,-1,0.1,0.1,0,-1,0.1
"H4K5ac_br_broadPeak",0.1,0,-1,0.1,0.1,0,-1,0.1,0.1,0,-1,0.1
"H3K79me1_br_broadPeak",0.1,0,-1,0.1,0.1,0,-1,0.1,0.1,0,-1,0.1
"H3K4ac_br_broadPeak",0.1,0,-1,0.1,0.1,0,-1,0.1,0.1,0,-1,0.1
"H3K23ac_br_broadPeak",0.1,0,-1,0.1,0.1,0,-1,0.1,0.1,0,-1,0.1
"H3K18ac_br_broadPeak",0.1,0,-1,0.1,0.1,0,-1,0.1,0.1,0,-1,0.1
"H3K14ac_br_broadPeak",0.1,0,-1,0.1,0.1,0,-1,0.1,0.1,0,-1,0.1
"H2BK5ac_br_broadPeak",0.1,0,-1,0.1,0.1,0,-1,0.1,0.1,0,-1,0.1
"H2BK20ac_br_broadPeak",0.1,0,-1,0.1,0.1,0,-1,0.1,0.1,0,-1,0.1
"H2BK15ac_br_broadPeak",0.1,0,-1,0.1,0.1,0,-1,0.1,0.1,0,-1,0.1
"H2BK12ac_br_broadPeak",0.1,0,-1,0.1,0.1,0,-1,0.1,0.1,0,-1,0.1
"H2AK5ac_br_broadPeak",0.1,0,-1,0.1,0.1,0,-1,0.1,0.1,0,-1,0.1
"DNase.hotspot_br_broadPeak",0.1,0,-1,0.1,0.1,0,-1,0.1,0.1,0,-1,0.1
"H2BK20ac_na_narrowPeak",0.1,0,-1,0.1,0.1,-1,-1,0.1,0.1,-1,-1,0.1
"H3K56ac_na_narrowPeak",0.1,-1,-1,0.1,0.1,0,-1,0.1,0.1,-1,-1,0.1
"H2BK120ac_na_narrowPeak",0.1,-1,-1,0.1,0.1,0,-1,0.1,0.1,-1,-1,0.1
"H4K91ac_na_narrowPeak",0.1,-1,-1,0.1,0.1,-1,-1,0.1,0.1,-1,-1,0.1
"H4K8ac_na_narrowPeak",0.1,-1,-1,0.1,0.1,-1,-1,0.1,0.1,-1,-1,0.1
"H4K5ac_na_narrowPeak",0.1,-1,-1,0.1,0.1,-1,-1,0.1,0.1,-1,-1,0.1
"H3K79me1_na_narrowPeak",0.1,-1,-1,0.1,0.1,-1,-1,0.1,0.1,-1,-1,0.1
"H3K4ac_na_narrowPeak",0.1,-1,-1,0.1,0.1,-1,-1,0.1,0.1,-1,-1,0.1
"H3K23ac_na_narrowPeak",0.1,-1,-1,0.1,0.1,-1,-1,0.1,0.1,-1,-1,0.1
"H3K18ac_na_narrowPeak",0.1,-1,-1,0.1,0.1,-1,-1,0.1,0.1,-1,-1,0.1
"H3K14ac_na_narrowPeak",0.1,-1,-1,0.1,0.1,-1,-1,0.1,0.1,-1,-1,0.1
"H2BK5ac_na_narrowPeak",0.1,-1,-1,0.1,0.1,-1,-1,0.1,0.1,-1,-1,0.1
"H2BK15ac_na_narrowPeak",0.1,-1,-1,0.1,0.1,-1,-1,0.1,0.1,-1,-1,0.1
"H2BK12ac_na_narrowPeak",0.1,-1,-1,0.1,0.1,-1,-1,0.1,0.1,-1,-1,0.1
"H2AK5ac_na_narrowPeak",0.1,-1,-1,0.1,0.1,-1,-1,0.1,0.1,-1,-1,0.1
"DNase.hotspot.fdr0.01_na_narrowPeak",0.1,-1,-1,0.1,0.1,-1,-1,0.1,0.1,-1,-1,0.1
"DNase.hotspot.fdr0.01_br_broadPeak",0.1,-1,-1,0.1,0.1,-1,-1,0.1,0.1,-1,-1,0.1
"DNase.hotspot.all_na_narrowPeak",0.1,-1,-1,0.1,0.1,-1,-1,0.1,0.1,-1,-1,0.1
"GABPA_TF",0.1,-1,0.1,-1,0.1,-1,0.1,0,0.1,-1,0.1,1
"CBX8_TF",0.1,-1,0.1,0.1,0.1,0,0.1,0.1,0.1,-1,0.1,0.1
"USF1_TF",0.1,-1,0.1,0.1,0.1,-1,0.1,0.1,0.1,-1,0.1,0.1
"TEAD4_TF",0.1,-1,0.1,0.1,0.1,-1,0.1,0.1,0.1,-1,0.1,0.1
"TAF7_TF",0.1,-1,0.1,0.1,0.1,-1,0.1,0.1,0.1,-1,0.1,0.1
"SP4_TF",0.1,-1,0.1,0.1,0.1,-1,0.1,0.1,0.1,-1,0.1,0.1
"SP2_TF",0.1,-1,0.1,0.1,0.1,-1,0.1,0.1,0.1,-1,0.1,0.1
"SIRT6_TF",0.1,-1,0.1,0.1,0.1,-1,0.1,0.1,0.1,-1,0.1,0.1
"SAP30_TF",0.1,-1,0.1,0.1,0.1,-1,0.1,0.1,0.1,-1,0.1,0.1
"PHF8_TF",0.1,-1,0.1,0.1,0.1,-1,0.1,0.1,0.1,-1,0.1,0.1
"NANOG_TF",0.1,-1,0.1,0.1,0.1,-1,0.1,0.1,0.1,-1,0.1,0.1
"KDM5A_TF",0.1,-1,0.1,0.1,0.1,-1,0.1,0.1,0.1,-1,0.1,0.1
"KDM4A_TF",0.1,-1,0.1,0.1,0.1,-1,0.1,0.1,0.1,-1,0.1,0.1
"JUN_TF",0.1,-1,0.1,0.1,0.1,-1,0.1,0.1,0.1,-1,0.1,0.1
"H3K23me2_na_narrowPeak",0.1,-1,0.1,0.1,0.1,-1,0.1,0.1,0.1,-1,0.1,0.1
"GTF2F1_TF",0.1,-1,0.1,0.1,0.1,-1,0.1,0.1,0.1,-1,0.1,0.1
"FOSL1_TF",0.1,-1,0.1,0.1,0.1,-1,0.1,0.1,0.1,-1,0.1,0.1
"CTBP2_TF",0.1,-1,0.1,0.1,0.1,-1,0.1,0.1,0.1,-1,0.1,0.1
"ATF3_TF",0.1,-1,0.1,0.1,0.1,-1,0.1,0.1,0.1,-1,0.1,0.1
"RBBP5_TF",0.1,-1,0.1,-1,0.1,-1,0.1,-1,0.1,-1,0.1,0
"EP300_TF",0.1,-1,0.1,-1,0.1,-1,0.1,-1,0.1,-1,0.1,0
"ATF2_TF",0.1,-1,0.1,-1,0.1,-1,0.1,-1,0.1,-1,0.1,0
"ZNF143_TF",0.1,-1,0.1,-1,0.1,-1,0.1,-1,0.1,-1,0.1,-1
"YY1_TF",0.1,-1,0.1,-1,0.1,-1,0.1,-1,0.1,-1,0.1,-1
"TCF12_TF",0.1,-1,0.1,-1,0.1,-1,0.1,-1,0.1,-1,0.1,-1
"TBP_TF",0.1,-1,0.1,-1,0.1,-1,0.1,-1,0.1,-1,0.1,-1
"TAF1_TF",0.1,-1,0.1,-1,0.1,-1,0.1,-1,0.1,-1,0.1,-1
"SUZ12_TF",0.1,-1,0.1,-1,0.1,-1,0.1,-1,0.1,-1,0.1,-1
"SRF_TF",0.1,-1,0.1,-1,0.1,-1,0.1,-1,0.1,-1,0.1,-1
"SP1_TF",0.1,-1,0.1,-1,0.1,-1,0.1,-1,0.1,-1,0.1,-1
"SIX5_TF",0.1,-1,0.1,-1,0.1,-1,0.1,-1,0.1,-1,0.1,-1
"SIN3A_TF",0.1,-1,0.1,-1,0.1,-1,0.1,-1,0.1,-1,0.1,-1
"RXRA_TF",0.1,-1,0.1,-1,0.1,-1,0.1,-1,0.1,-1,0.1,-1
"RFX5_TF",0.1,-1,0.1,-1,0.1,-1,0.1,-1,0.1,-1,0.1,-1
"REST_TF",0.1,-1,0.1,-1,0.1,-1,0.1,-1,0.1,-1,0.1,-1
"POLR2AphosphoS5_TF",0.1,-1,0.1,-1,0.1,-1,0.1,-1,0.1,-1,0.1,-1
"NRF1_TF",0.1,-1,0.1,-1,0.1,-1,0.1,-1,0.1,-1,0.1,-1
"MYC_TF",0.1,-1,0.1,-1,0.1,-1,0.1,-1,0.1,-1,0.1,-1
"MXI1_TF",0.1,-1,0.1,-1,0.1,-1,0.1,-1,0.1,-1,0.1,-1
"KDM1A_TF",0.1,-1,0.1,-1,0.1,-1,0.1,-1,0.1,-1,0.1,-1
"JUND_TF",0.1,-1,0.1,-1,0.1,-1,0.1,-1,0.1,-1,0.1,-1
"HDAC6_TF",0.1,-1,0.1,-1,0.1,-1,0.1,-1,0.1,-1,0.1,-1
"HDAC2_TF",0.1,-1,0.1,-1,0.1,-1,0.1,-1,0.1,-1,0.1,-1
"EZH2_TF",0.1,-1,0.1,-1,0.1,-1,0.1,-1,0.1,-1,0.1,-1
"EGR1_TF",0.1,-1,0.1,-1,0.1,-1,0.1,-1,0.1,-1,0.1,-1
"CHD2_TF",0.1,-1,0.1,-1,0.1,-1,0.1,-1,0.1,-1,0.1,-1
"BRCA1_TF",0.1,-1,0.1,-1,0.1,-1,0.1,-1,0.1,-1,0.1,-1
"BACH1_TF",0.1,-1,0.1,-1,0.1,-1,0.1,-1,0.1,-1,0.1,-1
"ASH2L_TF",0.1,-1,0.1,-1,0.1,-1,0.1,-1,0.1,-1,0.1,-1
"H3K79me2_na_narrowPeak",0.1,-1,-1,-1,0.1,-1,-1,-1,0.1,-1,-1,0
"H3K36me3_na_narrowPeak",0.1,-1,-1,-1,0.1,-1,-1,-1,0.1,-1,-1,0
"CEBPB_TF",0.1,-1,-1,-1,0.1,-1,-1,-1,0.1,-1,-1,0
"USF2_TF",0.1,-1,-1,-1,0.1,-1,-1,-1,0.1,-1,-1,-1
"RAD21_TF",0.1,-1,-1,-1,0.1,-1,-1,-1,0.1,-1,-1,-1
"POLR2A_TF",0.1,-1,-1,-1,0.1,-1,-1,-1,0.1,-1,-1,-1
"H4K20me1_na_narrowPeak",0.1,-1,-1,-1,0.1,-1,-1,-1,0.1,-1,-1,-1
"H3K9ac_na_narrowPeak",0.1,-1,-1,-1,0.1,-1,-1,-1,0.1,-1,-1,-1
"H3K4me3_na_narrowPeak",0.1,-1,-1,-1,0.1,-1,-1,-1,0.1,-1,-1,-1
"H3K4me2_na_narrowPeak",0.1,-1,-1,-1,0.1,-1,-1,-1,0.1,-1,-1,-1
"H3K4me1_na_narrowPeak",0.1,-1,-1,-1,0.1,-1,-1,-1,0.1,-1,-1,-1
"H3K27me3_na_narrowPeak",0.1,-1,-1,-1,0.1,-1,-1,-1,0.1,-1,-1,-1
"H3K27ac_na_narrowPeak",0.1,-1,-1,-1,0.1,-1,-1,-1,0.1,-1,-1,-1
"DNase.macs2_na_narrowPeak",0.1,-1,-1,-1,0.1,-1,-1,-1,0.1,-1,-1,-1
"CTCF_TF",0.1,-1,-1,-1,0.1,-1,-1,-1,0.1,-1,-1,-1
"CHD1_TF",0.1,-1,-1,-1,0.1,-1,-1,-1,0.1,-1,-1,-1
"A_compartment",0.1,-1,-1,-1,0.1,-1,-1,-1,0.1,-1,-1,-1
"Triplex_Motif_nonBDNA",-1,-1,-1,-1,-1,-1,-1,-1,0,-1,-1,0
"H3K9me3na_shared_narrowPeak",-1,-1,-1,-1,-1,-1,-1,-1,0,-1,-1,0
"H3K9me3brna_shared_broadnarrowPeak",-1,-1,-1,-1,-1,-1,-1,-1,0,-1,-1,0
"H12_isochore",-1,-1,-1,-1,-1,-1,-1,-1,0,-1,-1,-1
"G-quadruplex_greq19_DNA",-1,-1,-1,-1,-1,-1,-1,-1,0,-1,-1,-1
"H3_isochore",-1,-1,-1,-1,-1,-1,-1,-1,-1,-1,-1,-1
"H23_isochore",-1,-1,-1,-1,-1,-1,-1,-1,-1,-1,-1,-1
"H2_isochore",-1,-1,-1,-1,-1,-1,-1,-1,-1,-1,-1,-1
"H_isochore",-1,-1,-1,-1,-1,-1,-1,-1,-1,-1,-1,-1
"genes_LTr_DNA",-1,-1,-1,-1,-1,-1,-1,-1,-1,-1,-1,-1
"genes_DNA",-1,-1,-1,-1,-1,-1,-1,-1,-1,-1,-1,-1
"genes_coding_DNA",-1,-1,-1,-1,-1,-1,-1,-1,-1,-1,-1,-1
"G_Quadruplex_Motif_nonBDNA",-1,-1,-1,-1,-1,-1,-1,-1,-1,-1,-1,-1
"forest_FP",-1,-1,-1,-1,-1,-1,-1,-1,-1,-1,-1,-1
"CGI_um_DNA",-1,-1,-1,-1,-1,-1,-1,-1,-1,-1,-1,-1
"CGI_m_DNA",-1,-1,-1,-1,-1,-1,-1,-1,-1,-1,-1,-1
"centromere_DNA",-1,-1,-1,-1,-1,-1,-1,-1,-1,-1,-1,-1
"A1_subcompPred_TCell",-1,-1,-1,-1,-1,-1,-1,-1,-1,-1,-1,-1
"A1_subcompPred_K562",-1,-1,-1,-1,-1,-1,-1,-1,-1,-1,-1,-1
"A1_subcompPred_HUVEC",-1,-1,-1,-1,-1,-1,-1,-1,-1,-1,-1,-1
"A1_subcompPred_HSPC",-1,-1,-1,-1,-1,-1,-1,-1,-1,-1,-1,-1
"A1_subcompPred_HMEC",-1,-1,-1,-1,-1,-1,-1,-1,-1,-1,-1,-1
"A1_subcompPred_HeLa",-1,-1,-1,-1,-1,-1,-1,-1,-1,-1,-1,-1
"A1_subcompPred_HAP1",-1,-1,-1,-1,-1,-1,-1,-1,-1,-1,-1,-1
"A1_shared_subcompartment",-1,-1,-1,-1,-1,-1,-1,-1,-1,-1,-1,-1
"A_shared_compartment",-1,-1,-1,-1,-1,-1,-1,-1,-1,-1,-1,-1
